-- phpMyAdmin SQL Dump
-- version 4.8.4
-- https://www.phpmyadmin.net/
--
-- Host: 127.0.0.1
-- Generation Time: Jun 11, 2019 at 04:27 PM
-- Server version: 10.1.37-MariaDB
-- PHP Version: 7.1.26

SET SQL_MODE = "NO_AUTO_VALUE_ON_ZERO";
SET AUTOCOMMIT = 0;
START TRANSACTION;
SET time_zone = "+00:00";


/*!40101 SET @OLD_CHARACTER_SET_CLIENT=@@CHARACTER_SET_CLIENT */;
/*!40101 SET @OLD_CHARACTER_SET_RESULTS=@@CHARACTER_SET_RESULTS */;
/*!40101 SET @OLD_COLLATION_CONNECTION=@@COLLATION_CONNECTION */;
/*!40101 SET NAMES utf8mb4 */;

--
-- Database: `notifyr1`
--

-- --------------------------------------------------------

--
-- Table structure for table `blacklist`
--

CREATE TABLE `blacklist` (
  `id` int(11) NOT NULL,
  `msisdn` varchar(20) NOT NULL,
  `created` timestamp NOT NULL DEFAULT CURRENT_TIMESTAMP ON UPDATE CURRENT_TIMESTAMP
) ENGINE=InnoDB DEFAULT CHARSET=latin1;

-- --------------------------------------------------------

--
-- Table structure for table `ci_sessions`
--

CREATE TABLE `ci_sessions` (
  `session_id` varchar(40) NOT NULL DEFAULT '0',
  `ip_address` varchar(45) NOT NULL DEFAULT '0',
  `user_agent` varchar(120) NOT NULL,
  `last_activity` int(10) UNSIGNED NOT NULL DEFAULT '0',
  `user_data` text NOT NULL
) ENGINE=InnoDB DEFAULT CHARSET=latin1;

--
-- Dumping data for table `ci_sessions`
--

INSERT INTO `ci_sessions` (`session_id`, `ip_address`, `user_agent`, `last_activity`, `user_data`) VALUES
('269c9fd510985cfccebc63f79a71704f', '::1', 'Mozilla/5.0 (Windows NT 10.0; Win64; x64) AppleWebKit/537.36 (KHTML, like Gecko) Chrome/74.0.3729.169 Safari/537.36', 1560262858, ''),
('569ecf8d6aded545eaad439cec17709f', '::1', 'Mozilla/5.0 (Windows NT 10.0; Win64; x64) AppleWebKit/537.36 (KHTML, like Gecko) Chrome/74.0.3729.169 Safari/537.36', 1560262066, 'a:10:{s:9:\"user_data\";s:0:\"\";s:2:\"id\";s:2:\"44\";s:5:\"fname\";s:7:\"Enabler\";s:5:\"sname\";s:5:\"UserE\";s:5:\"oname\";s:3:\"One\";s:4:\"role\";s:10:\"SUPER_USER\";s:4:\"code\";N;s:6:\"status\";s:6:\"Active\";s:9:\"logged_in\";b:1;s:7:\"factory\";s:1:\"2\";}');

-- --------------------------------------------------------

--
-- Table structure for table `contacts`
--

CREATE TABLE `contacts` (
  `id` int(10) UNSIGNED NOT NULL,
  `msisdn` varchar(20) NOT NULL,
  `name` varchar(50) DEFAULT NULL,
  `code` varchar(50) DEFAULT NULL,
  `id_number` varchar(30) DEFAULT NULL,
  `region_id` int(5) DEFAULT NULL,
  `town_id` int(5) DEFAULT NULL,
  `factory_id` int(11) DEFAULT NULL,
  `group_id` int(11) DEFAULT NULL,
  `email` varchar(50) DEFAULT NULL,
  `address` varchar(100) DEFAULT NULL,
  `ctype` varchar(20) DEFAULT NULL,
  `modified` timestamp NOT NULL DEFAULT CURRENT_TIMESTAMP,
  `created` timestamp NOT NULL DEFAULT CURRENT_TIMESTAMP,
  `status` varchar(50) NOT NULL DEFAULT 'ACTIVE',
  `PersonalDetails_FirstName` varchar(50) DEFAULT NULL,
  `PersonalDetails_MiddleName` varchar(50) DEFAULT NULL,
  `PersonalDetails_Surname` varchar(50) DEFAULT NULL,
  `PersonalDetails_NationalIdNumber` varchar(50) DEFAULT NULL
) ENGINE=InnoDB DEFAULT CHARSET=latin1;

--
-- Dumping data for table `contacts`
--

INSERT INTO `contacts` (`id`, `msisdn`, `name`, `code`, `id_number`, `region_id`, `town_id`, `factory_id`, `group_id`, `email`, `address`, `ctype`, `modified`, `created`, `status`, `PersonalDetails_FirstName`, `PersonalDetails_MiddleName`, `PersonalDetails_Surname`, `PersonalDetails_NationalIdNumber`) VALUES
(1, '254712086383', 'MUKAMUGANGA ANUALITE', NULL, '1198770130649095', 1, 1, 1, NULL, '', '', NULL, '2019-04-19 06:01:24', '2019-04-19 06:01:24', 'ACTIVE', NULL, NULL, NULL, NULL),
(2, '250722187486', 'RWARAHOZE BONIFACE', NULL, '1195580035228050', 1, 1, 1, NULL, '', '', NULL, '2019-04-19 06:01:24', '2019-04-19 06:01:24', 'ACTIVE', NULL, NULL, NULL, NULL),
(3, '250722985915', 'MUSENGIMANA JEAN DE DIEU', NULL, '1198080119404087', 1, 1, 1, NULL, '', '', NULL, '2019-04-19 06:01:24', '2019-04-19 06:01:24', 'ACTIVE', NULL, NULL, NULL, NULL),
(4, '250723135078', 'ABISHYIZEHAMWE/DUSHIMIMANA DOMINA', NULL, '1199570010460042', 1, 1, 1, NULL, '', '', NULL, '2019-04-19 06:01:24', '2019-04-19 06:01:24', 'ACTIVE', NULL, NULL, NULL, NULL),
(5, '250723234765', 'NZAMUGIRA THARCISSE', NULL, '1196080052261026', 1, 1, 1, NULL, '', '', NULL, '2019-04-19 06:01:25', '2019-04-19 06:01:25', 'ACTIVE', NULL, NULL, NULL, NULL),
(6, '250723429970', 'MUKURAMBERE VENUSTE', NULL, '1195180021089056', 1, 1, 1, NULL, '', '', NULL, '2019-04-19 06:01:25', '2019-04-19 06:01:25', 'ACTIVE', NULL, NULL, NULL, NULL),
(7, '250723430258', 'MUKARUGIRA CHARLOTTE', NULL, '1197370067394068', 1, 1, 1, NULL, '', '', NULL, '2019-04-19 06:01:25', '2019-04-19 06:01:25', 'ACTIVE', NULL, NULL, NULL, NULL),
(8, '250723525249', 'MUKADISI BEATRICE', NULL, '1196670049005083', 1, 1, 1, NULL, '', '', NULL, '2019-04-19 06:01:25', '2019-04-19 06:01:25', 'ACTIVE', NULL, NULL, NULL, NULL),
(9, '250723871547', 'NIBASEKE ANASTASE', NULL, '1197780077136001', 1, 1, 1, NULL, '', '', NULL, '2019-04-19 06:01:25', '2019-04-19 06:01:25', 'ACTIVE', NULL, NULL, NULL, NULL),
(10, '250723976694', 'HABINEZA ETIENNE', NULL, '1197480073543039', 1, 1, 1, NULL, '', '', NULL, '2019-04-19 06:01:25', '2019-04-19 06:01:25', 'ACTIVE', NULL, NULL, NULL, NULL),
(11, '250724811794', 'KABUNGA EMMANUEL', NULL, '1196480052665010', 1, 1, 1, NULL, '', '', NULL, '2019-04-19 06:01:25', '2019-04-19 06:01:25', 'ACTIVE', NULL, NULL, NULL, NULL),
(12, '250725372249', 'MUKESHIMANA CHANTAL', NULL, '1198070119374020', 1, 1, 1, NULL, '', '', NULL, '2019-04-19 06:01:25', '2019-04-19 06:01:25', 'ACTIVE', NULL, NULL, NULL, NULL),
(13, '250725970385', 'TIBENGANA PRIQUERIE', NULL, '1195870045681007', 1, 1, 1, NULL, '', '', NULL, '2019-04-19 06:01:25', '2019-04-19 06:01:25', 'ACTIVE', NULL, NULL, NULL, NULL),
(14, '250726221365', 'TWIZERIMANA', NULL, '1199480026928061', 1, 1, 1, NULL, '', '', NULL, '2019-04-19 06:01:26', '2019-04-19 06:01:26', 'ACTIVE', NULL, NULL, NULL, NULL),
(15, '250726388014', 'BAJEHE FABIEN', NULL, '1197280069202092', 1, 1, 1, NULL, '', '', NULL, '2019-04-19 06:01:26', '2019-04-19 06:01:26', 'ACTIVE', NULL, NULL, NULL, NULL),
(16, '250727067670', 'MUJAWAMARIYA CHARLOTTE', NULL, '1197270069184087', 1, 1, 1, NULL, '', '', NULL, '2019-04-19 06:01:26', '2019-04-19 06:01:26', 'ACTIVE', NULL, NULL, NULL, NULL),
(17, '250727201466', 'RUSHAKO YUVENCI', NULL, '1195280036568074', 1, 1, 1, NULL, '', '', NULL, '2019-04-19 06:01:26', '2019-04-19 06:01:26', 'ACTIVE', NULL, NULL, NULL, NULL),
(18, '250727281892', 'TWIZEYIMANA XXX', NULL, '1199380172138029', 1, 1, 1, NULL, '', '', NULL, '2019-04-19 06:01:26', '2019-04-19 06:01:26', 'ACTIVE', NULL, NULL, NULL, NULL),
(19, '250727599079', 'KAMUHANDA GRATIEN', NULL, '1192980003878063', 1, 1, 1, NULL, '', '', NULL, '2019-04-19 06:01:26', '2019-04-19 06:01:26', 'ACTIVE', NULL, NULL, NULL, NULL),
(20, '250727617742', 'SHIRUBWIKO FIDELE', NULL, '1195280035865090', 1, 1, 1, NULL, '', '', NULL, '2019-04-19 06:01:26', '2019-04-19 06:01:26', 'ACTIVE', NULL, NULL, NULL, NULL),
(21, '250727665176', 'AKINGENEYE CLAUDINE', NULL, '1199770028747043', 1, 1, 1, NULL, '', '', NULL, '2019-04-19 06:01:26', '2019-04-19 06:01:26', 'ACTIVE', NULL, NULL, NULL, NULL),
(22, '250728156278', 'UWANYIRIGIRA BEATRICE', NULL, '1197670075036043', 1, 1, 1, NULL, '', '', NULL, '2019-04-19 06:01:26', '2019-04-19 06:01:26', 'ACTIVE', NULL, NULL, NULL, NULL),
(23, '250728161310', 'GASANA BONIFACE', NULL, '1195580035908097', 1, 1, 1, NULL, '', '', NULL, '2019-04-19 06:01:26', '2019-04-19 06:01:26', 'ACTIVE', NULL, NULL, NULL, NULL),
(24, '250728265137', 'KABERA SILAS', NULL, '1193280008747004', 1, 1, 1, NULL, '', '', NULL, '2019-04-19 06:01:26', '2019-04-19 06:01:26', 'ACTIVE', NULL, NULL, NULL, NULL),
(25, '250728516278', 'TUMURANZE CONSOLEE', NULL, '1197370067412079', 1, 1, 1, NULL, '', '', NULL, '2019-04-19 06:01:27', '2019-04-19 06:01:27', 'ACTIVE', NULL, NULL, NULL, NULL),
(26, '250728572463', 'NDAGIJIMANA FLORENCE', NULL, '1198070119419016', 1, 1, 1, NULL, '', '', NULL, '2019-04-19 06:01:27', '2019-04-19 06:01:27', 'ACTIVE', NULL, NULL, NULL, NULL),
(27, '250728595011', 'KARIMUNDA CLEOPHACE', NULL, '1192580003953061', 1, 1, 1, NULL, '', '', NULL, '2019-04-19 06:01:27', '2019-04-19 06:01:27', 'ACTIVE', NULL, NULL, NULL, NULL),
(28, '250728625046', 'ASS.ABAVUKAHAMWE / MUKABUGINGO', NULL, '1199470026233097', 1, 1, 1, NULL, '', '', NULL, '2019-04-19 06:01:27', '2019-04-19 06:01:27', 'ACTIVE', NULL, NULL, NULL, NULL),
(29, '250728929160', 'RUGEREZA CLAVEL', NULL, '1198780132846086', 1, 1, 1, NULL, '', '', NULL, '2019-04-19 06:01:27', '2019-04-19 06:01:27', 'ACTIVE', NULL, NULL, NULL, NULL),
(30, '250731589216', 'SIBONIYO ADEODATUS', NULL, '1197480073593079', 1, 1, 1, NULL, '', '', NULL, '2019-04-19 06:01:27', '2019-04-19 06:01:27', 'ACTIVE', NULL, NULL, NULL, NULL),
(31, '250731591309', 'NTABANGANYIMANA GILBERT', NULL, '1198980136200028', 1, 1, 1, NULL, '', '', NULL, '2019-04-19 06:01:27', '2019-04-19 06:01:27', 'ACTIVE', NULL, NULL, NULL, NULL),
(32, '250732369078', 'NYANZIRA VENANTIE', NULL, '1194870021125044', 1, 1, 1, NULL, '', '', NULL, '2019-04-19 06:01:27', '2019-04-19 06:01:27', 'ACTIVE', NULL, NULL, NULL, NULL),
(33, '250733714678', 'HABIMANA BONIFACE', NULL, '1196180040976092', 1, 1, 1, NULL, '', '', NULL, '2019-04-19 06:01:28', '2019-04-19 06:01:28', 'ACTIVE', NULL, NULL, NULL, NULL),
(34, '250734724782', 'MUKATANZI CHRISTINE', NULL, '1198570135442068', 1, 1, 1, NULL, '', '', NULL, '2019-04-19 06:01:28', '2019-04-19 06:01:28', 'ACTIVE', NULL, NULL, NULL, NULL),
(35, '250734790402', 'HATANGIMANA ETIENNE', NULL, '1199980013751052', 1, 1, 1, NULL, '', '', NULL, '2019-04-19 06:01:28', '2019-04-19 06:01:28', 'ACTIVE', NULL, NULL, NULL, NULL),
(36, '250734834301', 'UZABUKIRIHO JOSEPH', NULL, '1196780049274079', 1, 1, 1, NULL, '', '', NULL, '2019-04-19 06:01:28', '2019-04-19 06:01:28', 'ACTIVE', NULL, NULL, NULL, NULL),
(37, '250735040347', 'NDORIYOBIJYA JEAN BAPTISTE', NULL, '1197080065172069', 1, 1, 1, NULL, '', '', NULL, '2019-04-19 06:01:28', '2019-04-19 06:01:28', 'ACTIVE', NULL, NULL, NULL, NULL),
(38, '250735250291', 'HABARUGIRA VINCENT', NULL, '1194880021126025', 1, 1, 1, NULL, '', '', NULL, '2019-04-19 06:01:28', '2019-04-19 06:01:28', 'ACTIVE', NULL, NULL, NULL, NULL),
(39, '250735251978', 'NSENGUWERA SYLVESTRE', NULL, '1195780038836058', 1, 1, 1, NULL, '', '', NULL, '2019-04-19 06:01:28', '2019-04-19 06:01:28', 'ACTIVE', NULL, NULL, NULL, NULL),
(40, '250736070371', 'MUGABIRE THEONESTE', NULL, '1198280142392049', 1, 1, 1, NULL, '', '', NULL, '2019-04-19 06:01:28', '2019-04-19 06:01:28', 'ACTIVE', NULL, NULL, NULL, NULL),
(41, '250736275144', 'MUKAKAYONDE SYLVERIE', NULL, '1196470052663042', 1, 1, 1, NULL, '', '', NULL, '2019-04-19 06:01:28', '2019-04-19 06:01:28', 'ACTIVE', NULL, NULL, NULL, NULL),
(42, '250736695052', 'RUTARINDWA EMMANUEL', NULL, '1199080134926010', 1, 1, 1, NULL, '', '', NULL, '2019-04-19 06:01:28', '2019-04-19 06:01:28', 'ACTIVE', NULL, NULL, NULL, NULL),
(43, '250736741136', 'UWIRINGIYIMANA LILIANE', NULL, '1199670007666076', 1, 1, 1, NULL, '', '', NULL, '2019-04-19 06:01:28', '2019-04-19 06:01:28', 'ACTIVE', NULL, NULL, NULL, NULL),
(44, '250739042874', 'NTSINZABAHIZI CLAUDE', NULL, '1198080119402013', 1, 1, 1, NULL, '', '', NULL, '2019-04-19 06:01:28', '2019-04-19 06:01:28', 'ACTIVE', NULL, NULL, NULL, NULL),
(45, '250739117143', 'NIYONAMBAZA JOSEPH', NULL, '1199080134931063', 1, 1, 1, NULL, '', '', NULL, '2019-04-19 06:01:29', '2019-04-19 06:01:29', 'ACTIVE', NULL, NULL, NULL, NULL),
(46, '250739251021', 'KARASIRA FRANCOIS', NULL, '1198880139297004', 1, 1, 1, NULL, '', '', NULL, '2019-04-19 06:01:29', '2019-04-19 06:01:29', 'ACTIVE', NULL, NULL, NULL, NULL),
(47, '250739406268', 'TWAGIRAYEZU ANTOINE', NULL, '1196380050497095', 1, 1, 1, NULL, '', '', NULL, '2019-04-19 06:01:29', '2019-04-19 06:01:29', 'ACTIVE', NULL, NULL, NULL, NULL),
(48, '250739713522', 'NTABARA CYPRIEN', NULL, '1195780038832010', 1, 1, 1, NULL, '', '', NULL, '2019-04-19 06:01:29', '2019-04-19 06:01:29', 'ACTIVE', NULL, NULL, NULL, NULL),
(49, '250780369912', 'MUKAKEZIRE INEZA JOYEUSE', NULL, '1199670210486105', 1, 1, 1, NULL, '', '', NULL, '2019-04-19 06:01:29', '2019-04-19 06:01:29', 'ACTIVE', NULL, NULL, NULL, NULL),
(50, '250780761249', 'MUKAMUSONI ALPHONSINE', NULL, '1197070063941056', 1, 1, 1, NULL, '', '', NULL, '2019-04-19 06:01:29', '2019-04-19 06:01:29', 'ACTIVE', NULL, NULL, NULL, NULL),
(51, '250780765095', 'NGIRABATWARE ILDEPHONSE', NULL, '1195580035915024', 1, 1, 1, NULL, '', '', NULL, '2019-04-19 06:01:29', '2019-04-19 06:01:29', 'ACTIVE', NULL, NULL, NULL, NULL),
(52, '250781071828', 'GATABIRE M GAUDENCE', NULL, '1194270018265054', 1, 1, 1, NULL, '', '', NULL, '2019-04-19 06:01:29', '2019-04-19 06:01:29', 'ACTIVE', NULL, NULL, NULL, NULL),
(53, '250781276266', 'NGIRABANZI VENUSTE', NULL, '1194380010668040', 1, 1, 1, NULL, '', '', NULL, '2019-04-19 06:01:29', '2019-04-19 06:01:29', 'ACTIVE', NULL, NULL, NULL, NULL),
(54, '250781557261', 'NYIRANEZA PATRICIE', NULL, '1195670038950012', 1, 1, 1, NULL, '', '', NULL, '2019-04-19 06:01:29', '2019-04-19 06:01:29', 'ACTIVE', NULL, NULL, NULL, NULL),
(55, '250781559221', 'MUKANKUSI EUGENIE', NULL, '1196570046973061', 1, 1, 1, NULL, '', '', NULL, '2019-04-19 06:01:29', '2019-04-19 06:01:29', 'ACTIVE', NULL, NULL, NULL, NULL),
(56, '250781593337', 'MUSEFANO FELICIE', NULL, '1196780049279014', 1, 1, 1, NULL, '', '', NULL, '2019-04-19 06:01:29', '2019-04-19 06:01:29', 'ACTIVE', NULL, NULL, NULL, NULL),
(57, '250781770425', 'BIZAZA FAUSTIN', NULL, '1197080063937084', 1, 1, 1, NULL, '', '', NULL, '2019-04-19 06:01:29', '2019-04-19 06:01:29', 'ACTIVE', NULL, NULL, NULL, NULL),
(58, '250781848324', 'NYIRAMAKOMA DIDASIENNE', NULL, '1195570036551068', 1, 1, 1, NULL, '', '', NULL, '2019-04-19 06:01:30', '2019-04-19 06:01:30', 'ACTIVE', NULL, NULL, NULL, NULL),
(59, '250781954804', 'HAVUGIMANA THEONESTE', NULL, '1197480073557075', 1, 1, 1, NULL, '', '', NULL, '2019-04-19 06:01:30', '2019-04-19 06:01:30', 'ACTIVE', NULL, NULL, NULL, NULL),
(60, '250782027428', 'KABARIRA INNOCENT', NULL, '1195780038825083', 1, 1, 1, NULL, '', '', NULL, '2019-04-19 06:01:30', '2019-04-19 06:01:30', 'ACTIVE', NULL, NULL, NULL, NULL),
(61, '250782032809', 'HAKORIMANA DIEUDONNE', NULL, '1197280067918045', 1, 1, 1, NULL, '', '', NULL, '2019-04-19 06:01:30', '2019-04-19 06:01:30', 'ACTIVE', NULL, NULL, NULL, NULL),
(62, '250782052623', 'GACACA CHARLES', NULL, '1195780038182027', 1, 1, 1, NULL, '', '', NULL, '2019-04-19 06:01:30', '2019-04-19 06:01:30', 'ACTIVE', NULL, NULL, NULL, NULL),
(63, '250782052887', 'NTEZIMANA DONATIEN', NULL, '1196180040225046', 1, 1, 1, NULL, '', '', NULL, '2019-04-19 06:01:30', '2019-04-19 06:01:30', 'ACTIVE', NULL, NULL, NULL, NULL),
(64, '250782054352', 'NSABIMANA VENUSTE', NULL, '1198680136702062', 1, 1, 1, NULL, '', '', NULL, '2019-04-19 06:01:30', '2019-04-19 06:01:30', 'ACTIVE', NULL, NULL, NULL, NULL),
(65, '250782316288', 'SIBOMANA JOSEPH', NULL, '1196880057745053', 1, 1, 1, NULL, '', '', NULL, '2019-04-19 06:01:30', '2019-04-19 06:01:30', 'ACTIVE', NULL, NULL, NULL, NULL),
(66, '250782351920', 'HABYARIMANA DAVID', NULL, '1196980052151004', 1, 1, 1, NULL, '', '', NULL, '2019-04-19 06:01:30', '2019-04-19 06:01:30', 'ACTIVE', NULL, NULL, NULL, NULL),
(67, '250782354580', 'KAVUTSE THEONESTE', NULL, '1196780048465066', 1, 1, 1, NULL, '', '', NULL, '2019-04-19 06:01:30', '2019-04-19 06:01:30', 'ACTIVE', NULL, NULL, NULL, NULL),
(68, '250782397339', 'UWIZEYIMANA MARIE GORETTE', NULL, '1197070065207083', 1, 1, 1, NULL, '', '', NULL, '2019-04-19 06:01:30', '2019-04-19 06:01:30', 'ACTIVE', NULL, NULL, NULL, NULL),
(69, '250782420825', 'NYIRAMAJYAMBERE VERONIQUE', NULL, '1196370049775037', 1, 1, 1, NULL, '', '', NULL, '2019-04-19 06:01:30', '2019-04-19 06:01:30', 'ACTIVE', NULL, NULL, NULL, NULL),
(70, '250782518598', 'KANYOMOZI CELESTIN', NULL, '1195980050071015', 1, 1, 1, NULL, '', '', NULL, '2019-04-19 06:01:30', '2019-04-19 06:01:30', 'ACTIVE', NULL, NULL, NULL, NULL),
(71, '250782543987', 'MUKAGASANA VENANTIE', NULL, '1194770016698030', 1, 1, 1, NULL, '', '', NULL, '2019-04-19 06:01:31', '2019-04-19 06:01:31', 'ACTIVE', NULL, NULL, NULL, NULL),
(72, '250782618078', 'KAREKEZI J M V', NULL, '1199480170903143', 1, 1, 1, NULL, '', '', NULL, '2019-04-19 06:01:31', '2019-04-19 06:01:31', 'ACTIVE', NULL, NULL, NULL, NULL),
(73, '250782909081', 'NTIBISIGWA', NULL, '1195380030146023', 1, 1, 1, NULL, '', '', NULL, '2019-04-19 06:01:31', '2019-04-19 06:01:31', 'ACTIVE', NULL, NULL, NULL, NULL),
(74, '250782909571', 'HABYARIMANA JEAN BOSCO', NULL, '1197780078518045', 1, 1, 1, NULL, '', '', NULL, '2019-04-19 06:01:31', '2019-04-19 06:01:31', 'ACTIVE', NULL, NULL, NULL, NULL),
(75, '250782909731', 'BUNDUGU PETER', NULL, '1193680013470013', 1, 1, 1, NULL, '', '', NULL, '2019-04-19 06:01:31', '2019-04-19 06:01:31', 'ACTIVE', NULL, NULL, NULL, NULL),
(76, '250782909755', 'KANANURA XXXX', NULL, '1193280008548013', 1, 1, 1, NULL, '', '', NULL, '2019-04-19 06:01:31', '2019-04-19 06:01:31', 'ACTIVE', NULL, NULL, NULL, NULL),
(77, '250782909756', 'NSABAMARIYA ROSETTE', NULL, '1196370049777011', 1, 1, 1, NULL, '', '', NULL, '2019-04-19 06:01:31', '2019-04-19 06:01:31', 'ACTIVE', NULL, NULL, NULL, NULL),
(78, '250782955538', 'NTURAMBIRWE JEAN MARIE VIANNEY', NULL, '1196980053010066', 1, 1, 1, NULL, '', '', NULL, '2019-04-19 06:01:31', '2019-04-19 06:01:31', 'ACTIVE', NULL, NULL, NULL, NULL),
(79, '250783022449', 'NSENGIYUMVA DIOGENE', NULL, '1196780049302078', 1, 1, 1, NULL, '', '', NULL, '2019-04-19 06:01:31', '2019-04-19 06:01:31', 'ACTIVE', NULL, NULL, NULL, NULL),
(80, '250783053160', 'MUKAKARISA PATRICIE', NULL, '1197070065200074', 1, 1, 1, NULL, '', '', NULL, '2019-04-19 06:01:31', '2019-04-19 06:01:31', 'ACTIVE', NULL, NULL, NULL, NULL),
(81, '250783097069', 'TUMUSABYIMANA François', NULL, '1198180113207025', 1, 1, 1, NULL, '', '', NULL, '2019-04-19 06:01:31', '2019-04-19 06:01:31', 'ACTIVE', NULL, NULL, NULL, NULL),
(82, '250783146053', 'RWENDERE EVARISTE', NULL, '1197480073564002', 1, 1, 1, NULL, '', '', NULL, '2019-04-19 06:01:31', '2019-04-19 06:01:31', 'ACTIVE', NULL, NULL, NULL, NULL),
(83, '250783155493', 'KONGO JEAN BAPTISTE', NULL, '1197380067443024', 1, 1, 1, NULL, '', '', NULL, '2019-04-19 06:01:31', '2019-04-19 06:01:31', 'ACTIVE', NULL, NULL, NULL, NULL),
(84, '250783181936', 'NSABIMANA JEAN BAPTISTE', NULL, '1198080151474047', 1, 1, 1, NULL, '', '', NULL, '2019-04-19 06:01:32', '2019-04-19 06:01:32', 'ACTIVE', NULL, NULL, NULL, NULL),
(85, '250783197702', 'GATARAYIHA ELIE', NULL, '1195680040519052', 1, 1, 1, NULL, '', '', NULL, '2019-04-19 06:01:32', '2019-04-19 06:01:32', 'ACTIVE', NULL, NULL, NULL, NULL),
(86, '250783200323', 'TIBAREBA XAVERINE', NULL, '1195270035658001', 1, 1, 1, NULL, '', '', NULL, '2019-04-19 06:01:32', '2019-04-19 06:01:32', 'ACTIVE', NULL, NULL, NULL, NULL),
(87, '250783235371', 'NDAHIMANA JEAN MICHEL', NULL, '1198180113193080', 1, 1, 1, NULL, '', '', NULL, '2019-04-19 06:01:32', '2019-04-19 06:01:32', 'ACTIVE', NULL, NULL, NULL, NULL),
(88, '250783299658', 'TUMWEBAZE THEOPHILE', NULL, '1197480072274033', 1, 1, 1, NULL, '', '', NULL, '2019-04-19 06:01:32', '2019-04-19 06:01:32', 'ACTIVE', NULL, NULL, NULL, NULL),
(89, '250783344651', 'GASAKE GASPARD', NULL, '1196780048470019', 1, 1, 1, NULL, '', '', NULL, '2019-04-19 06:01:32', '2019-04-19 06:01:32', 'ACTIVE', NULL, NULL, NULL, NULL),
(90, '250783368691', 'MBARUSHIMANA THEOGENE', NULL, '1197680074285078', 1, 1, 1, NULL, '', '', NULL, '2019-04-19 06:01:32', '2019-04-19 06:01:32', 'ACTIVE', NULL, NULL, NULL, NULL),
(91, '250783384643', 'NGWABIJE MARTIN', NULL, '1197380094825081', 1, 1, 1, NULL, '', '', NULL, '2019-04-19 06:01:32', '2019-04-19 06:01:32', 'ACTIVE', NULL, NULL, NULL, NULL),
(92, '250783443696', 'MUTAMBUZA FRANCOIS', NULL, '1197180053079013', 1, 1, 1, NULL, '', '', NULL, '2019-04-19 06:01:32', '2019-04-19 06:01:32', 'ACTIVE', NULL, NULL, NULL, NULL),
(93, '250783464137', 'NGIRARUBANDA FELICIEN', NULL, '1196980053001065', 1, 1, 1, NULL, '', '', NULL, '2019-04-19 06:01:32', '2019-04-19 06:01:32', 'ACTIVE', NULL, NULL, NULL, NULL),
(94, '250783508764', 'MAGURU DONATIEN', NULL, '1197980095113056', 1, 1, 1, NULL, '', '', NULL, '2019-04-19 06:01:32', '2019-04-19 06:01:32', 'ACTIVE', NULL, NULL, NULL, NULL),
(95, '250783583053', 'MUSENGIMANA LADISLAS', NULL, '1197280069217015', 1, 1, 1, NULL, '', '', NULL, '2019-04-19 06:01:32', '2019-04-19 06:01:32', 'ACTIVE', NULL, NULL, NULL, NULL),
(96, '250783622740', 'NTEZIMANA ANCLET', NULL, '1196680049007051', 1, 1, 1, NULL, '', '', NULL, '2019-04-19 06:01:32', '2019-04-19 06:01:32', 'ACTIVE', NULL, NULL, NULL, NULL),
(97, '250783642956', 'BUYENGE THICIEN', NULL, '1197480072279068', 1, 1, 1, NULL, '', '', NULL, '2019-04-19 06:01:33', '2019-04-19 06:01:33', 'ACTIVE', NULL, NULL, NULL, NULL),
(98, '250783642971', 'KAYUMBA ALPHONSE', NULL, '1196080053247062', 1, 1, 1, NULL, '', '', NULL, '2019-04-19 06:01:33', '2019-04-19 06:01:33', 'ACTIVE', NULL, NULL, NULL, NULL),
(99, '250783724944', 'BIKEMWANAKE JEAN PAUL', NULL, '1198780132841051', 1, 1, 1, NULL, '', '', NULL, '2019-04-19 06:01:33', '2019-04-19 06:01:33', 'ACTIVE', NULL, NULL, NULL, NULL),
(100, '250783796622', 'BAKUNZIBAKE ANDRE', NULL, '1193980010442038', 1, 1, 1, NULL, '', '', NULL, '2019-04-19 06:01:33', '2019-04-19 06:01:33', 'ACTIVE', NULL, NULL, NULL, NULL),
(101, '250783804934', 'SINDIMWISE DONAT', NULL, '1196880057848003', 1, 1, 1, NULL, '', '', NULL, '2019-04-19 06:01:33', '2019-04-19 06:01:33', 'ACTIVE', NULL, NULL, NULL, NULL),
(102, '250783826297', 'BWANAJYOJYI JEAN', NULL, '1196580048348158', 1, 1, 1, NULL, '', '', NULL, '2019-04-19 06:01:33', '2019-04-19 06:01:33', 'ACTIVE', NULL, NULL, NULL, NULL),
(103, '250784130662', 'RUTAGARAMA ONESPHORE', NULL, '1195080029485089', 1, 1, 1, NULL, '', '', NULL, '2019-04-19 06:01:33', '2019-04-19 06:01:33', 'ACTIVE', NULL, NULL, NULL, NULL),
(104, '250784131387', 'NYIRAKIGWENE CLEMENTINE', NULL, '1198270180000006', 1, 1, 1, NULL, '', '', NULL, '2019-04-19 06:01:33', '2019-04-19 06:01:33', 'ACTIVE', NULL, NULL, NULL, NULL),
(105, '250784191118', 'NDYANABANGI J M V', NULL, '1195280035883092', 1, 1, 1, NULL, '', '', NULL, '2019-04-19 06:01:33', '2019-04-19 06:01:33', 'ACTIVE', NULL, NULL, NULL, NULL),
(106, '250784353995', 'KARYARUGOKO BERNARD', NULL, '1193080012840045', 1, 1, 1, NULL, '', '', NULL, '2019-04-19 06:01:33', '2019-04-19 06:01:33', 'ACTIVE', NULL, NULL, NULL, NULL),
(107, '250784370198', 'YAMURAGIYE SELVELLEN', NULL, '1198180153693089', 1, 1, 1, NULL, '', '', NULL, '2019-04-19 06:01:33', '2019-04-19 06:01:33', 'ACTIVE', NULL, NULL, NULL, NULL),
(108, '250784521895', 'MUKANKIKO ANNONCIATA', NULL, '1197070091816031', 1, 1, 1, NULL, '', '', NULL, '2019-04-19 06:01:33', '2019-04-19 06:01:33', 'ACTIVE', NULL, NULL, NULL, NULL),
(109, '250784730685', 'BUNAMA SYLVERIAN', NULL, '1196580047811054', 1, 1, 1, NULL, '', '', NULL, '2019-04-19 06:01:33', '2019-04-19 06:01:33', 'ACTIVE', NULL, NULL, NULL, NULL),
(110, '250784850578', 'NYIRARUKUNDO VIVIANE', NULL, '1196370049503069', 1, 1, 1, NULL, '', '', NULL, '2019-04-19 06:01:33', '2019-04-19 06:01:33', 'ACTIVE', NULL, NULL, NULL, NULL),
(111, '250785106396', 'NTAMUHANGA EMMANUEL', NULL, '1197680074271042', 1, 1, 1, NULL, '', '', NULL, '2019-04-19 06:01:34', '2019-04-19 06:01:34', 'ACTIVE', NULL, NULL, NULL, NULL),
(112, '250785161732', 'MUKAKIMENYI Esperance', NULL, '1196870057758095', 1, 1, 1, NULL, '', '', NULL, '2019-04-19 06:01:34', '2019-04-19 06:01:34', 'ACTIVE', NULL, NULL, NULL, NULL),
(113, '250785280469', 'UWIMANA ISRAEL', NULL, '1197280098571071', 1, 1, 1, NULL, '', '', NULL, '2019-04-19 06:01:34', '2019-04-19 06:01:34', 'ACTIVE', NULL, NULL, NULL, NULL),
(114, '250785323816', 'NTABARESHYA GLORIA', NULL, '1198970132300149', 1, 1, 1, NULL, '', '', NULL, '2019-04-19 06:01:34', '2019-04-19 06:01:34', 'ACTIVE', NULL, NULL, NULL, NULL),
(115, '250785357225', 'KABERA VENUSTE', NULL, '1197180052096038', 1, 1, 1, NULL, '', '', NULL, '2019-04-19 06:01:34', '2019-04-19 06:01:34', 'ACTIVE', NULL, NULL, NULL, NULL),
(116, '250785440183', 'NTAMBARA JEAN MARIE VIANNEY', NULL, '1195680054350094', 1, 1, 1, NULL, '', '', NULL, '2019-04-19 06:01:34', '2019-04-19 06:01:34', 'ACTIVE', NULL, NULL, NULL, NULL),
(117, '250785480482', 'NSENGIMANA VEDASTE', NULL, '1196980053020054', 1, 1, 1, NULL, '', '', NULL, '2019-04-19 06:01:34', '2019-04-19 06:01:34', 'ACTIVE', NULL, NULL, NULL, NULL),
(118, '250785507971', 'TWAMUGIZE JEAN DAMASCENE', NULL, '1198280144459075', 1, 1, 1, NULL, '', '', NULL, '2019-04-19 06:01:34', '2019-04-19 06:01:34', 'ACTIVE', NULL, NULL, NULL, NULL),
(119, '250785542585', 'NKURIKIYIMANA LUCIEN', NULL, '1196680048067089', 1, 1, 1, NULL, '', '', NULL, '2019-04-19 06:01:34', '2019-04-19 06:01:34', 'ACTIVE', NULL, NULL, NULL, NULL),
(120, '250785595619', 'MUKASHYAKA MARIE GAUDENCE', NULL, '1199270057377059', 1, 1, 1, NULL, '', '', NULL, '2019-04-19 06:01:34', '2019-04-19 06:01:34', 'ACTIVE', NULL, NULL, NULL, NULL),
(121, '250785597461', 'NKAMIYABASHAKA EPIPHANIE', NULL, '1197070065261089', 1, 1, 1, NULL, '', '', NULL, '2019-04-19 06:01:34', '2019-04-19 06:01:34', 'ACTIVE', NULL, NULL, NULL, NULL),
(122, '250785618375', 'TABARUKA MPAZIMAKA PATRICK', NULL, '1199480076090035', 1, 1, 1, NULL, '', '', NULL, '2019-04-19 06:01:34', '2019-04-19 06:01:34', 'ACTIVE', NULL, NULL, NULL, NULL),
(123, '250785618390', 'MUKANKURANGA XXX', NULL, '1196870058721025', 1, 1, 1, NULL, '', '', NULL, '2019-04-19 06:01:35', '2019-04-19 06:01:35', 'ACTIVE', NULL, NULL, NULL, NULL),
(124, '250785972054', 'KABURABUZA EMMANUEL', NULL, '1195380030143062', 1, 1, 1, NULL, '', '', NULL, '2019-04-19 06:01:35', '2019-04-19 06:01:35', 'ACTIVE', NULL, NULL, NULL, NULL),
(125, '250786108830', 'GATSIMBAMUKONO DAMIEN', NULL, '1193980010423049', 1, 1, 1, NULL, '', '', NULL, '2019-04-19 06:01:35', '2019-04-19 06:01:35', 'ACTIVE', NULL, NULL, NULL, NULL),
(126, '250786462611', 'UWINGABIRE Catherine', NULL, '1198370127594070', 1, 1, 1, NULL, '', '', NULL, '2019-04-19 06:01:35', '2019-04-19 06:01:35', 'ACTIVE', NULL, NULL, NULL, NULL),
(127, '250786463607', 'KANYANKORE', NULL, '1195780038816082', 1, 1, 1, NULL, '', '', NULL, '2019-04-19 06:01:35', '2019-04-19 06:01:35', 'ACTIVE', NULL, NULL, NULL, NULL),
(128, '250786482392', 'MPAZAYINO  EVARISTE', NULL, '1197380067422061', 1, 1, 1, NULL, '', '', NULL, '2019-04-19 06:01:35', '2019-04-19 06:01:35', 'ACTIVE', NULL, NULL, NULL, NULL),
(129, '250786625250', 'RWAKEJA JUVENS', NULL, '1196680049028014', 1, 1, 1, NULL, '', '', NULL, '2019-04-19 06:01:35', '2019-04-19 06:01:35', 'ACTIVE', NULL, NULL, NULL, NULL),
(130, '250786625287', 'MWISENEZA ILDEPHONSE', NULL, '1198180113279015', 1, 1, 1, NULL, '', '', NULL, '2019-04-19 06:01:35', '2019-04-19 06:01:35', 'ACTIVE', NULL, NULL, NULL, NULL),
(131, '250786625944', 'MBARAGA ALFREDI', NULL, '1197380067405046', 1, 1, 1, NULL, '', '', NULL, '2019-04-19 06:01:35', '2019-04-19 06:01:35', 'ACTIVE', NULL, NULL, NULL, NULL),
(132, '250786631196', 'DEPITE Innocent', NULL, '1196980052175028', 1, 1, 1, NULL, '', '', NULL, '2019-04-19 06:01:35', '2019-04-19 06:01:35', 'ACTIVE', NULL, NULL, NULL, NULL),
(133, '250786686032', 'BASOMINGERA PIERRE', NULL, '1196280055914030', 1, 1, 1, NULL, '', '', NULL, '2019-04-19 06:01:35', '2019-04-19 06:01:35', 'ACTIVE', NULL, NULL, NULL, NULL),
(134, '250786817894', 'NYIRANZAKAHA XAVERA', NULL, '1196970053024008', 1, 1, 1, NULL, '', '', NULL, '2019-04-19 06:01:35', '2019-04-19 06:01:35', 'ACTIVE', NULL, NULL, NULL, NULL),
(135, '250786981399', 'UWIMANA DONATHE', NULL, '1197370066291028', 1, 1, 1, NULL, '', '', NULL, '2019-04-19 06:01:36', '2019-04-19 06:01:36', 'ACTIVE', NULL, NULL, NULL, NULL),
(136, '250787035689', 'SIBOMANA SEBASTIEN', NULL, '1195280035868051', 1, 1, 1, NULL, '', '', NULL, '2019-04-19 06:01:36', '2019-04-19 06:01:36', 'ACTIVE', NULL, NULL, NULL, NULL),
(137, '250787063228', 'UMURERWA CLEMENCE', NULL, '1199370025027094', 1, 1, 1, NULL, '', '', NULL, '2019-04-19 06:01:36', '2019-04-19 06:01:36', 'ACTIVE', NULL, NULL, NULL, NULL),
(138, '250787168380', 'HABIYAMBERE ISIDOLE', NULL, '1196580047847040', 1, 1, 1, NULL, '', '', NULL, '2019-04-19 06:01:36', '2019-04-19 06:01:36', 'ACTIVE', NULL, NULL, NULL, NULL),
(139, '250787188315', 'HABUMUGISHA THEONESTE', NULL, '1198680134257012', 1, 1, 1, NULL, '', '', NULL, '2019-04-19 06:01:36', '2019-04-19 06:01:36', 'ACTIVE', NULL, NULL, NULL, NULL),
(140, '250787695891', 'NSHOKEYINKA FABIEN', NULL, '1197780078516071', 1, 1, 1, NULL, '', '', NULL, '2019-04-19 06:01:36', '2019-04-19 06:01:36', 'ACTIVE', NULL, NULL, NULL, NULL),
(141, '250787754344', 'MUKANDEKEZI CLEMENTINE', NULL, '1198770132932045', 1, 1, 1, NULL, '', '', NULL, '2019-04-19 06:01:36', '2019-04-19 06:01:36', 'ACTIVE', NULL, NULL, NULL, NULL),
(142, '250787840911', 'MANIRAGABA JEAN DAMASCENE', NULL, '1197980095223033', 1, 1, 1, NULL, '', '', NULL, '2019-04-19 06:01:36', '2019-04-19 06:01:36', 'ACTIVE', NULL, NULL, NULL, NULL),
(143, '250787848726', 'KANYUGURI ILDEPHONSE', NULL, '1198080119371053', 1, 1, 1, NULL, '', '', NULL, '2019-04-19 06:01:36', '2019-04-19 06:01:36', 'ACTIVE', NULL, NULL, NULL, NULL),
(144, '250787851357', 'NDAGIJIMANA NICODEME', NULL, '1195780038844158', 1, 1, 1, NULL, '', '', NULL, '2019-04-19 06:01:36', '2019-04-19 06:01:36', 'ACTIVE', NULL, NULL, NULL, NULL),
(145, '250788247076', 'MUTEZENDE NIRAMON', NULL, '1197270069229083', 1, 1, 1, NULL, '', '', NULL, '2019-04-19 06:01:36', '2019-04-19 06:01:36', 'ACTIVE', NULL, NULL, NULL, NULL),
(146, '250788273709', 'MUKAKALISA MADELEINE', NULL, '1195870003988125', 1, 1, 1, NULL, '', '', NULL, '2019-04-19 06:01:36', '2019-04-19 06:01:36', 'ACTIVE', NULL, NULL, NULL, NULL),
(147, '250788408228', 'IYAKAREMYE VIATEUR', NULL, '1197080063932049', 1, 1, 1, NULL, '', '', NULL, '2019-04-19 06:01:37', '2019-04-19 06:01:37', 'ACTIVE', NULL, NULL, NULL, NULL),
(148, '250788408347', 'SOMALINI HERMENEGILDE', NULL, '1194980020934056', 1, 1, 1, NULL, '', '', NULL, '2019-04-19 06:01:37', '2019-04-19 06:01:37', 'ACTIVE', NULL, NULL, NULL, NULL),
(149, '250788410483', 'RUGIRA GERARD', NULL, '1197180053121066', 1, 1, 1, NULL, '', '', NULL, '2019-04-19 06:01:37', '2019-04-19 06:01:37', 'ACTIVE', NULL, NULL, NULL, NULL),
(150, '250788417979', 'NDANGIZI EVARISTE', NULL, '1195780038831023', 1, 1, 1, NULL, '', '', NULL, '2019-04-19 06:01:37', '2019-04-19 06:01:37', 'ACTIVE', NULL, NULL, NULL, NULL),
(151, '250788419080', 'NDEREYIMANA Celestin', NULL, '1197680030781051', 1, 1, 1, NULL, '', '', NULL, '2019-04-19 06:01:37', '2019-04-19 06:01:37', 'ACTIVE', NULL, NULL, NULL, NULL),
(152, '250788459156', 'BENIMANA BEATRICE', NULL, '1197170053089007', 1, 1, 1, NULL, '', '', NULL, '2019-04-19 06:01:37', '2019-04-19 06:01:37', 'ACTIVE', NULL, NULL, NULL, NULL),
(153, '250788494252', 'NGENDABANGA JEAN DAMASCENE', NULL, '1197670034846175', 1, 1, 1, NULL, '', '', NULL, '2019-04-19 06:01:37', '2019-04-19 06:01:37', 'ACTIVE', NULL, NULL, NULL, NULL),
(154, '250788501898', 'TWAHIRWA ALOYS', NULL, '1198380172231013', 1, 1, 1, NULL, '', '', NULL, '2019-04-19 06:01:37', '2019-04-19 06:01:37', 'ACTIVE', NULL, NULL, NULL, NULL),
(155, '250788541870', 'HABAMENSHI EVARISTE', NULL, '1196880057289008', 1, 1, 1, NULL, '', '', NULL, '2019-04-19 06:01:37', '2019-04-19 06:01:37', 'ACTIVE', NULL, NULL, NULL, NULL),
(156, '250788566516', 'MUNYANEZA DIOGENE', NULL, '1196780003325011', 1, 1, 1, NULL, '', '', NULL, '2019-04-19 06:01:37', '2019-04-19 06:01:37', 'ACTIVE', NULL, NULL, NULL, NULL),
(157, '250788571978', 'NTAWIZERUWE JEAN FELIX AIMABLE', NULL, '1197580072269075', 1, 1, 1, NULL, '', '', NULL, '2019-04-19 06:01:37', '2019-04-19 06:01:37', 'ACTIVE', NULL, NULL, NULL, NULL),
(158, '250788579626', 'BICAMUMPAKA PHILIPPE', NULL, '1197180052095051', 1, 1, 1, NULL, '', '', NULL, '2019-04-19 06:01:38', '2019-04-19 06:01:38', 'ACTIVE', NULL, NULL, NULL, NULL),
(159, '250788604890', 'HABUMUREMYI DONATIEN???', NULL, '1198480135568054', 1, 1, 1, NULL, '', '', NULL, '2019-04-19 06:01:38', '2019-04-19 06:01:38', 'ACTIVE', NULL, NULL, NULL, NULL),
(160, '250788624444', 'NTAMUHANGA BERNARD', NULL, '1196480051852049', 1, 1, 1, NULL, '', '', NULL, '2019-04-19 06:01:38', '2019-04-19 06:01:38', 'ACTIVE', NULL, NULL, NULL, NULL),
(161, '250788634750', 'NZAVUGANKIZE XXX', NULL, '1198580132339024', 1, 1, 1, NULL, '', '', NULL, '2019-04-19 06:01:38', '2019-04-19 06:01:38', 'ACTIVE', NULL, NULL, NULL, NULL),
(162, '250788636246', 'BUTERA JEREMIEN', NULL, '1195280035947163', 1, 1, 1, NULL, '', '', NULL, '2019-04-19 06:01:38', '2019-04-19 06:01:38', 'ACTIVE', NULL, NULL, NULL, NULL),
(163, '250788638051', 'BAGAMBIRERYO JEAN NEPOMUSCENE', NULL, '1196780048147097', 1, 1, 1, NULL, '', '', NULL, '2019-04-19 06:01:38', '2019-04-19 06:01:38', 'ACTIVE', NULL, NULL, NULL, NULL),
(164, '250788696260', 'MUKANDENGEYE MARIE', NULL, '1196470051880045', 1, 1, 1, NULL, '', '', NULL, '2019-04-19 06:01:38', '2019-04-19 06:01:38', 'ACTIVE', NULL, NULL, NULL, NULL),
(165, '250788711609', 'DUSENGIMANA BARTHAZAR', NULL, '1198780132853013', 1, 1, 1, NULL, '', '', NULL, '2019-04-19 06:01:38', '2019-04-19 06:01:38', 'ACTIVE', NULL, NULL, NULL, NULL),
(166, '250788766545', 'SIMPUNGA INNOCENT', NULL, '1196380050495021', 1, 1, 1, NULL, '', '', NULL, '2019-04-19 06:01:38', '2019-04-19 06:01:38', 'ACTIVE', NULL, NULL, NULL, NULL),
(167, '250788785444', 'UWAMARIYA PRISCA', NULL, '1197570072313008', 1, 1, 1, NULL, '', '', NULL, '2019-04-19 06:01:38', '2019-04-19 06:01:38', 'ACTIVE', NULL, NULL, NULL, NULL),
(168, '250788787083', 'TIWANGE EMMANUEL', NULL, '1198180110409007', 1, 1, 1, NULL, '', '', NULL, '2019-04-19 06:01:38', '2019-04-19 06:01:38', 'ACTIVE', NULL, NULL, NULL, NULL),
(169, '250788806206', 'AHIMANA THEODORE', NULL, '1197480098887038', 1, 1, 1, NULL, '', '', NULL, '2019-04-19 06:01:39', '2019-04-19 06:01:39', 'ACTIVE', NULL, NULL, NULL, NULL),
(170, '250788811282', 'BIHEZANDE INNOCENT', NULL, '1197280096363099', 1, 1, 1, NULL, '', '', NULL, '2019-04-19 06:01:39', '2019-04-19 06:01:39', 'ACTIVE', NULL, NULL, NULL, NULL),
(171, '250788862769', 'MWIZERWA PAULIN', NULL, '1198780132881003', 1, 1, 1, NULL, '', '', NULL, '2019-04-19 06:01:39', '2019-04-19 06:01:39', 'ACTIVE', NULL, NULL, NULL, NULL),
(172, '250788898456', 'SEGAKWERERE EVARISTE', NULL, '1197080051533009', 1, 1, 1, NULL, '', '', NULL, '2019-04-19 06:01:39', '2019-04-19 06:01:39', 'ACTIVE', NULL, NULL, NULL, NULL),
(173, '250788911350', 'HABYARIMANA DATIEN', NULL, '1195480034062017', 1, 1, 1, NULL, '', '', NULL, '2019-04-19 06:01:39', '2019-04-19 06:01:39', 'ACTIVE', NULL, NULL, NULL, NULL),
(174, '250788995891', 'NTEZIRYAYO SIMEO', NULL, '1198580135565088', 1, 1, 1, NULL, '', '', NULL, '2019-04-19 06:01:39', '2019-04-19 06:01:39', 'ACTIVE', NULL, NULL, NULL, NULL),
(175, '250789010642', 'MUKAZITHONI BEATHA', NULL, '1197470070675002', 1, 1, 1, NULL, '', '', NULL, '2019-04-19 06:01:39', '2019-04-19 06:01:39', 'ACTIVE', NULL, NULL, NULL, NULL),
(176, '250789139897', 'MUKWENDE SEBASTIEN', NULL, '1195080029489037', 1, 1, 1, NULL, '', '', NULL, '2019-04-19 06:01:39', '2019-04-19 06:01:39', 'ACTIVE', NULL, NULL, NULL, NULL),
(177, '250789243455', 'MASHAKARUGO Augustin', NULL, '1194180009649080', 1, 1, 1, NULL, '', '', NULL, '2019-04-19 06:01:39', '2019-04-19 06:01:39', 'ACTIVE', NULL, NULL, NULL, NULL),
(178, '250789262474', 'MUJAWAMARIYA MARIE CHANTAL', NULL, '1198270142558003', 1, 1, 1, NULL, '', '', NULL, '2019-04-19 06:01:39', '2019-04-19 06:01:39', 'ACTIVE', NULL, NULL, NULL, NULL),
(179, '250789262485', 'MUKINA HENERIKO', NULL, '1198280144438012', 1, 1, 1, NULL, 'vcadmin@qa.com', 'erwerwer', NULL, '2019-04-19 06:01:40', '2019-04-19 06:01:40', 'ACTIVE', NULL, NULL, NULL, NULL),
(180, '250789262707', 'NTIZISIGWA DONATIEN', NULL, '1197080065147040', 1, 1, 1, NULL, '', '', NULL, '2019-04-19 06:01:40', '2019-04-19 06:01:40', 'ACTIVE', NULL, NULL, NULL, NULL),
(181, '250789262986', 'NYINABERA FRIDA', NULL, '1193470007959050', 1, 1, 1, NULL, '', '', NULL, '2019-04-19 06:01:40', '2019-04-19 06:01:40', 'ACTIVE', NULL, NULL, NULL, NULL),
(182, '250789587056', 'IMANISHIMWE EMMANUEL', NULL, '1199680043376095', 1, 1, 1, NULL, '', '', NULL, '2019-04-19 06:01:40', '2019-04-19 06:01:40', 'ACTIVE', NULL, NULL, NULL, NULL),
(183, '250789774095', 'RWEREKANE CHARLES', NULL, '1195580035906023', 1, 1, 1, NULL, '', '', NULL, '2019-04-19 06:01:40', '2019-04-19 06:01:40', 'ACTIVE', NULL, NULL, NULL, NULL),
(184, '250789780823', 'NIYITEGEKA DAMOUR', NULL, '1199180119174119', 1, 1, 1, NULL, '', '', NULL, '2019-04-19 06:01:40', '2019-04-19 06:01:40', 'ACTIVE', NULL, NULL, NULL, NULL);

-- --------------------------------------------------------

--
-- Table structure for table `factories`
--

CREATE TABLE `factories` (
  `id` int(11) NOT NULL,
  `name` varchar(100) NOT NULL,
  `code` varchar(50) DEFAULT NULL,
  `region_id` int(11) NOT NULL,
  `created` timestamp NOT NULL DEFAULT CURRENT_TIMESTAMP,
  `updated` datetime DEFAULT NULL
) ENGINE=InnoDB DEFAULT CHARSET=latin1;

--
-- Dumping data for table `factories`
--

INSERT INTO `factories` (`id`, `name`, `code`, `region_id`, `created`, `updated`) VALUES
(1, 'Test', 'Tes_001', 1, '2019-04-18 11:09:40', NULL),
(2, 'CHEBUT', 'KTDA-CN', 1, '2019-05-15 07:02:11', '2019-06-03 14:02:48'),
(3, 'CHINGA', 'KTDA-CH', 1, '2019-06-03 11:02:09', NULL),
(4, 'GATUNGURU', 'KTDA-GR', 1, '2019-06-03 11:03:37', NULL);

-- --------------------------------------------------------

--
-- Table structure for table `groups`
--

CREATE TABLE `groups` (
  `id` int(11) NOT NULL,
  `name` varchar(40) NOT NULL,
  `type` int(11) NOT NULL DEFAULT '5',
  `factory_id` int(11) DEFAULT NULL,
  `description` text,
  `modified` datetime DEFAULT NULL,
  `created` timestamp NULL DEFAULT CURRENT_TIMESTAMP
) ENGINE=InnoDB DEFAULT CHARSET=latin1;

--
-- Dumping data for table `groups`
--

INSERT INTO `groups` (`id`, `name`, `type`, `factory_id`, `description`, `modified`, `created`) VALUES
(1, 'Test', 5, 1, 'Group for Test farmers', NULL, '2019-04-18 11:21:19'),
(2, 'DailyChebut', 0, 2, 'Daily recipients', '2019-06-04 09:36:42', '2019-06-03 10:58:31'),
(3, 'DailyTest', 0, 1, 'Daily recipients for test', NULL, '2019-06-03 11:00:31'),
(4, 'DAILYGATUNGURU', 0, 4, 'Daily sms receivers for gatunguru factory', '2019-06-04 09:36:56', '2019-06-03 12:05:20');

-- --------------------------------------------------------

--
-- Table structure for table `group_contacts`
--

CREATE TABLE `group_contacts` (
  `id` int(10) UNSIGNED NOT NULL,
  `groupid` int(11) NOT NULL,
  `msisdn` varchar(20) NOT NULL,
  `created` timestamp NOT NULL DEFAULT CURRENT_TIMESTAMP ON UPDATE CURRENT_TIMESTAMP,
  `subscription_status` varchar(50) NOT NULL DEFAULT 'ACTIVE'
) ENGINE=InnoDB DEFAULT CHARSET=latin1;

--
-- Dumping data for table `group_contacts`
--

INSERT INTO `group_contacts` (`id`, `groupid`, `msisdn`, `created`, `subscription_status`) VALUES
(1, 2, '254795876621', '2019-06-04 06:57:32', 'ACTIVE'),
(2, 2, '254795876621', '2019-06-04 06:58:02', 'ACTIVE'),
(3, 2, '254713434958', '2019-06-04 06:58:52', 'ACTIVE'),
(4, 2, '254795876621', '2019-06-04 06:59:11', 'ACTIVE'),
(5, 2, '254712086380', '2019-06-04 07:00:11', 'ACTIVE'),
(6, 3, '250723429970', '2019-06-04 06:25:50', 'ACTIVE'),
(7, 3, '250723430258', '2019-06-04 06:25:57', 'ACTIVE'),
(8, 3, '250723525249', '2019-06-04 06:26:01', 'ACTIVE'),
(9, 3, '250723871547', '2019-06-04 06:26:04', 'ACTIVE'),
(10, 3, '250723976694', '2019-06-04 06:26:07', 'ACTIVE'),
(11, 4, '250724811794', '2019-06-04 06:26:12', 'ACTIVE'),
(12, 4, '250725372249', '2019-06-04 06:26:15', 'ACTIVE'),
(13, 4, '250725970385', '2019-06-04 06:26:18', 'ACTIVE'),
(14, 4, '250726221365', '2019-06-04 06:26:21', 'ACTIVE'),
(15, 4, '250726388014', '2019-06-04 06:26:25', 'ACTIVE'),
(16, 1, '250727067670', '2019-04-19 06:01:26', 'ACTIVE'),
(17, 1, '250727201466', '2019-04-19 06:01:26', 'ACTIVE'),
(18, 1, '250727281892', '2019-04-19 06:01:26', 'ACTIVE'),
(19, 1, '250727599079', '2019-04-19 06:01:26', 'ACTIVE'),
(20, 1, '250727617742', '2019-04-19 06:01:26', 'ACTIVE'),
(21, 1, '250727665176', '2019-04-19 06:01:26', 'ACTIVE'),
(22, 1, '250728156278', '2019-04-19 06:01:26', 'ACTIVE'),
(23, 1, '250728161310', '2019-04-19 06:01:26', 'ACTIVE'),
(24, 1, '250728265137', '2019-04-19 06:01:26', 'ACTIVE'),
(25, 1, '250728516278', '2019-04-19 06:01:27', 'ACTIVE'),
(26, 1, '250728572463', '2019-04-19 06:01:27', 'ACTIVE'),
(27, 1, '250728595011', '2019-04-19 06:01:27', 'ACTIVE'),
(28, 1, '250728625046', '2019-04-19 06:01:27', 'ACTIVE'),
(29, 1, '250728929160', '2019-04-19 06:01:27', 'ACTIVE'),
(30, 1, '250731589216', '2019-04-19 06:01:27', 'ACTIVE'),
(31, 1, '250731591309', '2019-04-19 06:01:27', 'ACTIVE'),
(32, 1, '250732369078', '2019-04-19 06:01:27', 'ACTIVE'),
(33, 1, '250733714678', '2019-04-19 06:01:27', 'ACTIVE'),
(34, 1, '250734724782', '2019-04-19 06:01:28', 'ACTIVE'),
(35, 1, '250734790402', '2019-04-19 06:01:28', 'ACTIVE'),
(36, 1, '250734834301', '2019-04-19 06:01:28', 'ACTIVE'),
(37, 1, '250735040347', '2019-04-19 06:01:28', 'ACTIVE'),
(38, 1, '250735250291', '2019-04-19 06:01:28', 'ACTIVE'),
(39, 1, '250735251978', '2019-04-19 06:01:28', 'ACTIVE'),
(40, 1, '250736070371', '2019-04-19 06:01:28', 'ACTIVE'),
(41, 1, '250736275144', '2019-04-19 06:01:28', 'ACTIVE'),
(42, 1, '250736695052', '2019-04-19 06:01:28', 'ACTIVE'),
(43, 1, '250736741136', '2019-04-19 06:01:28', 'ACTIVE'),
(44, 1, '250739042874', '2019-04-19 06:01:28', 'ACTIVE'),
(45, 1, '250739117143', '2019-04-19 06:01:28', 'ACTIVE'),
(46, 1, '250739251021', '2019-04-19 06:01:29', 'ACTIVE'),
(47, 1, '250739406268', '2019-04-19 06:01:29', 'ACTIVE'),
(48, 1, '250739713522', '2019-04-19 06:01:29', 'ACTIVE'),
(49, 1, '250780369912', '2019-04-19 06:01:29', 'ACTIVE'),
(50, 1, '250780761249', '2019-04-19 06:01:29', 'ACTIVE'),
(51, 1, '250780765095', '2019-04-19 06:01:29', 'ACTIVE'),
(52, 1, '250781071828', '2019-04-19 06:01:29', 'ACTIVE'),
(53, 1, '250781276266', '2019-04-19 06:01:29', 'ACTIVE'),
(54, 1, '250781557261', '2019-04-19 06:01:29', 'ACTIVE'),
(55, 1, '250781559221', '2019-04-19 06:01:29', 'ACTIVE'),
(56, 1, '250781593337', '2019-04-19 06:01:29', 'ACTIVE'),
(57, 1, '250781770425', '2019-04-19 06:01:29', 'ACTIVE'),
(58, 1, '250781848324', '2019-04-19 06:01:29', 'ACTIVE'),
(59, 1, '250781954804', '2019-04-19 06:01:30', 'ACTIVE'),
(60, 1, '250782027428', '2019-04-19 06:01:30', 'ACTIVE'),
(61, 1, '250782032809', '2019-04-19 06:01:30', 'ACTIVE'),
(62, 1, '250782052623', '2019-04-19 06:01:30', 'ACTIVE'),
(63, 1, '250782052887', '2019-04-19 06:01:30', 'ACTIVE'),
(64, 1, '250782054352', '2019-04-19 06:01:30', 'ACTIVE'),
(65, 1, '250782316288', '2019-04-19 06:01:30', 'ACTIVE'),
(66, 1, '250782351920', '2019-04-19 06:01:30', 'ACTIVE'),
(67, 1, '250782354580', '2019-04-19 06:01:30', 'ACTIVE'),
(68, 1, '250782397339', '2019-04-19 06:01:30', 'ACTIVE'),
(69, 1, '250782420825', '2019-04-19 06:01:30', 'ACTIVE'),
(70, 1, '250782518598', '2019-04-19 06:01:30', 'ACTIVE'),
(71, 1, '250782543987', '2019-04-19 06:01:31', 'ACTIVE'),
(72, 1, '250782618078', '2019-04-19 06:01:31', 'ACTIVE'),
(73, 1, '250782909081', '2019-04-19 06:01:31', 'ACTIVE'),
(74, 1, '250782909571', '2019-04-19 06:01:31', 'ACTIVE'),
(75, 1, '250782909731', '2019-04-19 06:01:31', 'ACTIVE'),
(76, 1, '250782909755', '2019-04-19 06:01:31', 'ACTIVE'),
(77, 1, '250782909756', '2019-04-19 06:01:31', 'ACTIVE'),
(78, 1, '250782955538', '2019-04-19 06:01:31', 'ACTIVE'),
(79, 1, '250783022449', '2019-04-19 06:01:31', 'ACTIVE'),
(80, 1, '250783053160', '2019-04-19 06:01:31', 'ACTIVE'),
(81, 1, '250783097069', '2019-04-19 06:01:31', 'ACTIVE'),
(82, 1, '250783146053', '2019-04-19 06:01:31', 'ACTIVE'),
(83, 1, '250783155493', '2019-04-19 06:01:31', 'ACTIVE'),
(84, 1, '250783181936', '2019-04-19 06:01:31', 'ACTIVE'),
(85, 1, '250783197702', '2019-04-19 06:01:32', 'ACTIVE'),
(86, 1, '250783200323', '2019-04-19 06:01:32', 'ACTIVE'),
(87, 1, '250783235371', '2019-04-19 06:01:32', 'ACTIVE'),
(88, 1, '250783299658', '2019-04-19 06:01:32', 'ACTIVE'),
(89, 1, '250783344651', '2019-04-19 06:01:32', 'ACTIVE'),
(90, 1, '250783368691', '2019-04-19 06:01:32', 'ACTIVE'),
(91, 1, '250783384643', '2019-04-19 06:01:32', 'ACTIVE'),
(92, 1, '250783443696', '2019-04-19 06:01:32', 'ACTIVE'),
(93, 1, '250783464137', '2019-04-19 06:01:32', 'ACTIVE'),
(94, 1, '250783508764', '2019-04-19 06:01:32', 'ACTIVE'),
(95, 1, '250783583053', '2019-04-19 06:01:32', 'ACTIVE'),
(96, 1, '250783622740', '2019-04-19 06:01:32', 'ACTIVE'),
(97, 1, '250783642956', '2019-04-19 06:01:33', 'ACTIVE'),
(98, 1, '250783642971', '2019-04-19 06:01:33', 'ACTIVE'),
(99, 1, '250783724944', '2019-04-19 06:01:33', 'ACTIVE'),
(100, 1, '250783796622', '2019-04-19 06:01:33', 'ACTIVE'),
(101, 1, '250783804934', '2019-04-19 06:01:33', 'ACTIVE'),
(102, 1, '250783826297', '2019-04-19 06:01:33', 'ACTIVE'),
(103, 1, '250784130662', '2019-04-19 06:01:33', 'ACTIVE'),
(104, 1, '250784131387', '2019-04-19 06:01:33', 'ACTIVE'),
(105, 1, '250784191118', '2019-04-19 06:01:33', 'ACTIVE'),
(106, 1, '250784353995', '2019-04-19 06:01:33', 'ACTIVE'),
(107, 1, '250784370198', '2019-04-19 06:01:33', 'ACTIVE'),
(108, 1, '250784521895', '2019-04-19 06:01:33', 'ACTIVE'),
(109, 1, '250784730685', '2019-04-19 06:01:33', 'ACTIVE'),
(110, 1, '250784850578', '2019-04-19 06:01:33', 'ACTIVE'),
(111, 1, '250785106396', '2019-04-19 06:01:34', 'ACTIVE'),
(112, 1, '250785161732', '2019-04-19 06:01:34', 'ACTIVE'),
(113, 1, '250785280469', '2019-04-19 06:01:34', 'ACTIVE'),
(114, 1, '250785323816', '2019-04-19 06:01:34', 'ACTIVE'),
(115, 1, '250785357225', '2019-04-19 06:01:34', 'ACTIVE'),
(116, 1, '250785440183', '2019-04-19 06:01:34', 'ACTIVE'),
(117, 1, '250785480482', '2019-04-19 06:01:34', 'ACTIVE'),
(118, 1, '250785507971', '2019-04-19 06:01:34', 'ACTIVE'),
(119, 1, '250785542585', '2019-04-19 06:01:34', 'ACTIVE'),
(120, 1, '250785595619', '2019-04-19 06:01:34', 'ACTIVE'),
(121, 1, '250785597461', '2019-04-19 06:01:34', 'ACTIVE'),
(122, 1, '250785618375', '2019-04-19 06:01:34', 'ACTIVE'),
(123, 1, '250785618390', '2019-04-19 06:01:34', 'ACTIVE'),
(124, 1, '250785972054', '2019-04-19 06:01:35', 'ACTIVE'),
(125, 1, '250786108830', '2019-04-19 06:01:35', 'ACTIVE'),
(126, 1, '250786462611', '2019-04-19 06:01:35', 'ACTIVE'),
(127, 1, '250786463607', '2019-04-19 06:01:35', 'ACTIVE'),
(128, 1, '250786482392', '2019-04-19 06:01:35', 'ACTIVE'),
(129, 1, '250786625250', '2019-04-19 06:01:35', 'ACTIVE'),
(130, 1, '250786625287', '2019-04-19 06:01:35', 'ACTIVE'),
(131, 1, '250786625944', '2019-04-19 06:01:35', 'ACTIVE'),
(132, 1, '250786631196', '2019-04-19 06:01:35', 'ACTIVE'),
(133, 1, '250786686032', '2019-04-19 06:01:35', 'ACTIVE'),
(134, 1, '250786817894', '2019-04-19 06:01:35', 'ACTIVE'),
(135, 1, '250786981399', '2019-04-19 06:01:35', 'ACTIVE'),
(136, 1, '250787035689', '2019-04-19 06:01:36', 'ACTIVE'),
(137, 1, '250787063228', '2019-04-19 06:01:36', 'ACTIVE'),
(138, 1, '250787168380', '2019-04-19 06:01:36', 'ACTIVE'),
(139, 1, '250787188315', '2019-04-19 06:01:36', 'ACTIVE'),
(140, 1, '250787695891', '2019-04-19 06:01:36', 'ACTIVE'),
(141, 1, '250787754344', '2019-04-19 06:01:36', 'ACTIVE'),
(142, 1, '250787840911', '2019-04-19 06:01:36', 'ACTIVE'),
(143, 1, '250787848726', '2019-04-19 06:01:36', 'ACTIVE'),
(144, 1, '250787851357', '2019-04-19 06:01:36', 'ACTIVE'),
(145, 1, '250788247076', '2019-04-19 06:01:36', 'ACTIVE'),
(146, 1, '250788273709', '2019-04-19 06:01:36', 'ACTIVE'),
(147, 1, '250788408228', '2019-04-19 06:01:37', 'ACTIVE'),
(148, 1, '250788408347', '2019-04-19 06:01:37', 'ACTIVE'),
(149, 1, '250788410483', '2019-04-19 06:01:37', 'ACTIVE'),
(150, 1, '250788417979', '2019-04-19 06:01:37', 'ACTIVE'),
(151, 1, '250788419080', '2019-04-19 06:01:37', 'ACTIVE'),
(152, 1, '250788459156', '2019-04-19 06:01:37', 'ACTIVE'),
(153, 1, '250788494252', '2019-04-19 06:01:37', 'ACTIVE'),
(154, 1, '250788501898', '2019-04-19 06:01:37', 'ACTIVE'),
(155, 1, '250788541870', '2019-04-19 06:01:37', 'ACTIVE'),
(156, 1, '250788566516', '2019-04-19 06:01:37', 'ACTIVE'),
(157, 1, '250788571978', '2019-04-19 06:01:37', 'ACTIVE'),
(158, 1, '250788579626', '2019-04-19 06:01:38', 'ACTIVE'),
(159, 1, '250788604890', '2019-04-19 06:01:38', 'ACTIVE'),
(160, 1, '250788624444', '2019-04-19 06:01:38', 'ACTIVE'),
(161, 1, '250788634750', '2019-04-19 06:01:38', 'ACTIVE'),
(162, 1, '250788636246', '2019-04-19 06:01:38', 'ACTIVE'),
(163, 1, '250788638051', '2019-04-19 06:01:38', 'ACTIVE'),
(164, 1, '250788696260', '2019-04-19 06:01:38', 'ACTIVE'),
(165, 1, '250788711609', '2019-04-19 06:01:38', 'ACTIVE'),
(166, 1, '250788766545', '2019-04-19 06:01:38', 'ACTIVE'),
(167, 1, '250788785444', '2019-04-19 06:01:38', 'ACTIVE'),
(168, 1, '250788787083', '2019-04-19 06:01:38', 'ACTIVE'),
(169, 1, '250788806206', '2019-04-19 06:01:38', 'ACTIVE'),
(170, 1, '250788811282', '2019-04-19 06:01:39', 'ACTIVE'),
(171, 1, '250788862769', '2019-04-19 06:01:39', 'ACTIVE'),
(172, 1, '250788898456', '2019-04-19 06:01:39', 'ACTIVE'),
(173, 1, '250788911350', '2019-04-19 06:01:39', 'ACTIVE'),
(174, 1, '250788995891', '2019-04-19 06:01:39', 'ACTIVE'),
(175, 1, '250789010642', '2019-04-19 06:01:39', 'ACTIVE'),
(176, 1, '250789139897', '2019-04-19 06:01:39', 'ACTIVE'),
(177, 1, '250789243455', '2019-04-19 06:01:39', 'ACTIVE'),
(178, 1, '250789262474', '2019-04-19 06:01:39', 'ACTIVE'),
(179, 1, '250789262485', '2019-04-19 06:01:39', 'ACTIVE'),
(180, 1, '250789262707', '2019-04-19 06:01:40', 'ACTIVE'),
(181, 1, '250789262986', '2019-04-19 06:01:40', 'ACTIVE'),
(182, 1, '250789587056', '2019-04-19 06:01:40', 'ACTIVE'),
(183, 1, '250789774095', '2019-04-19 06:01:40', 'ACTIVE'),
(184, 1, '250789780823', '2019-04-19 06:01:40', 'ACTIVE');

-- --------------------------------------------------------

--
-- Table structure for table `managers`
--

CREATE TABLE `managers` (
  `id` int(11) NOT NULL,
  `name` varchar(60) NOT NULL,
  `mobile` varchar(20) NOT NULL,
  `email` varchar(100) NOT NULL,
  `division` varchar(40) NOT NULL,
  `region_id` int(11) NOT NULL,
  `modified` timestamp NOT NULL DEFAULT CURRENT_TIMESTAMP,
  `created` datetime NOT NULL
) ENGINE=InnoDB DEFAULT CHARSET=latin1;

-- --------------------------------------------------------

--
-- Table structure for table `pending_single_sms`
--

CREATE TABLE `pending_single_sms` (
  `id` int(11) NOT NULL,
  `contact` varchar(20) NOT NULL,
  `message` text NOT NULL,
  `created_by` int(11) NOT NULL
) ENGINE=InnoDB DEFAULT CHARSET=latin1;

-- --------------------------------------------------------

--
-- Table structure for table `pending_sms`
--

CREATE TABLE `pending_sms` (
  `id` int(11) NOT NULL,
  `group_id` int(11) DEFAULT NULL,
  `contacts` text NOT NULL,
  `message` text NOT NULL,
  `factory_id` int(11) DEFAULT NULL,
  `status` smallint(1) NOT NULL DEFAULT '0',
  `created_by` int(11) NOT NULL,
  `approved_by` int(11) DEFAULT NULL,
  `created` timestamp NOT NULL DEFAULT CURRENT_TIMESTAMP,
  `updated` datetime DEFAULT NULL,
  `sms_type` varchar(15) DEFAULT NULL
) ENGINE=InnoDB DEFAULT CHARSET=latin1;

--
-- Dumping data for table `pending_sms`
--

INSERT INTO `pending_sms` (`id`, `group_id`, `contacts`, `message`, `factory_id`, `status`, `created_by`, `approved_by`, `created`, `updated`, `sms_type`) VALUES
(1, NULL, '254712086380', 'test sms', 1, 3, 57, 58, '2019-04-25 11:39:41', '2019-04-25 14:43:33', 'Individual');

-- --------------------------------------------------------

--
-- Table structure for table `products`
--

CREATE TABLE `products` (
  `id` int(11) NOT NULL,
  `code` varchar(50) NOT NULL,
  `name` varchar(50) NOT NULL,
  `description` text NOT NULL,
  `created` datetime NOT NULL,
  `modified` timestamp NOT NULL DEFAULT CURRENT_TIMESTAMP ON UPDATE CURRENT_TIMESTAMP
) ENGINE=InnoDB DEFAULT CHARSET=latin1;

-- --------------------------------------------------------

--
-- Table structure for table `purchase_report`
--

CREATE TABLE `purchase_report` (
  `id` int(15) NOT NULL,
  `carton_code` varchar(40) NOT NULL,
  `product_code` varchar(30) NOT NULL,
  `msisdn` varchar(12) NOT NULL,
  `name` varchar(100) DEFAULT NULL,
  `factory_id` int(11) DEFAULT NULL,
  `id_number` varchar(30) DEFAULT NULL,
  `town` varchar(50) DEFAULT NULL,
  `region` varchar(50) DEFAULT NULL,
  `email` varchar(50) DEFAULT NULL,
  `address` varchar(100) DEFAULT NULL,
  `created` timestamp NOT NULL DEFAULT CURRENT_TIMESTAMP
) ENGINE=InnoDB DEFAULT CHARSET=latin1;

-- --------------------------------------------------------

--
-- Table structure for table `regions`
--

CREATE TABLE `regions` (
  `id` int(11) NOT NULL,
  `name` varchar(50) NOT NULL,
  `code` varchar(20) DEFAULT NULL,
  `description` text,
  `modified` timestamp NOT NULL DEFAULT CURRENT_TIMESTAMP ON UPDATE CURRENT_TIMESTAMP,
  `created` datetime NOT NULL
) ENGINE=InnoDB DEFAULT CHARSET=latin1;

--
-- Dumping data for table `regions`
--

INSERT INTO `regions` (`id`, `name`, `code`, `description`, `modified`, `created`) VALUES
(1, 'RUSHAKI II', 'RUSHAKI_001', 'Rushaki Region', '2019-04-18 11:04:50', '2019-04-18 14:04:50');

-- --------------------------------------------------------

--
-- Table structure for table `replies`
--

CREATE TABLE `replies` (
  `id` int(10) UNSIGNED NOT NULL,
  `sent_to` varchar(20) NOT NULL,
  `name` varchar(50) DEFAULT NULL,
  `msg_id` int(11) NOT NULL,
  `message` text,
  `reply` varchar(160) NOT NULL,
  `sent_by` varchar(100) NOT NULL,
  `created` timestamp NOT NULL DEFAULT CURRENT_TIMESTAMP
) ENGINE=InnoDB DEFAULT CHARSET=latin1;

-- --------------------------------------------------------

--
-- Table structure for table `settings`
--

CREATE TABLE `settings` (
  `id` int(10) UNSIGNED NOT NULL,
  `title` varchar(50) NOT NULL,
  `factory_id` int(11) DEFAULT NULL,
  `value1` varchar(150) NOT NULL,
  `value2` varchar(150) DEFAULT NULL,
  `value3` varchar(150) DEFAULT NULL,
  `value4` varchar(150) DEFAULT NULL,
  `value5` varchar(150) DEFAULT NULL,
  `value6` varchar(150) DEFAULT NULL,
  `value7` varchar(150) DEFAULT NULL,
  `value8` varchar(100) DEFAULT NULL,
  `value9` varchar(140) NOT NULL,
  `shortcode` varchar(20) DEFAULT NULL,
  `balanceurl` varchar(255) DEFAULT NULL,
  `smsapproval` tinyint(1) DEFAULT '1',
  `countrycode` varchar(5) NOT NULL,
  `remotedbdsn` varchar(255) DEFAULT NULL,
  `remotedbuser` varchar(50) DEFAULT NULL,
  `remotedbpass` varchar(255) DEFAULT NULL
) ENGINE=InnoDB DEFAULT CHARSET=latin1;

--
-- Dumping data for table `settings`
--

INSERT INTO `settings` (`id`, `title`, `factory_id`, `value1`, `value2`, `value3`, `value4`, `value5`, `value6`, `value7`, `value8`, `value9`, `shortcode`, `balanceurl`, `smsapproval`, `countrycode`, `remotedbdsn`, `remotedbuser`, `remotedbpass`) VALUES
(1, 'CONFIGURATION', 1, 'APP_000276', 'c62e9a404899609e2aab663280812f3c450a0d9f228eba5e7cb636acf43cf0e8', 'VIRTUALCITY', 'virtual', 'https://vcgateway.azure-api.net/africastalking/messaging', 'sub', 'unsub', '0', 'virtualapp', '20359', 'https://vcgateway.azure-api.net/africastalking/user', 0, '254', 'sqlsrv:Server=(localdb)\\MSSQLLocalDB;Database=NG_Core_AuthDb', 'sys', 'dev'),
(2, 'QUERYSERVICE', 1, 'http://agrirpts-test01.northeurope.cloudapp.azure.com/ReportServer/reports/farmerquery/farmerquery', NULL, NULL, NULL, NULL, NULL, NULL, NULL, '', NULL, NULL, 1, '', NULL, NULL, NULL),
(3, 'CONFIGURATION', 2, 'KTDACN0001', '9c9a414c24fe7f18da79261b6046823962b0069f3e76d3e735cd56ab06008192', 'KTDA-CN', 'ktdams', 'https://vcgateway.azure-api.net/africastalking/messaging', 'sub', 'unsub', '0', 'ktdams', '20358', 'https://vcgateway.azure-api.net/africastalking/user', 0, '254', 'sqlsrv:Server=10.0.0.118;Database=devhub', 'dev', 'sys'),
(4, 'CONFIGURATION', 3, 'KTDA-CH-001', '9c9a414c24fe7f18da79261b6046823962b0069f3e76d3e735cd56ab06008192', 'KTDA-CH', 'ktdams', 'https://vcgateway.azure-api.net/africastalking/messaging', 'sub', 'unsub', '0', 'ktdams', '20358', 'https://vcgateway.azure-api.net/africastalking/user', 0, '254', 'sqlsrv:Server=10.0.0.118;Database=devhub', 'dev', 'sys'),
(5, 'CONFIGURATION', 4, 'KTDA-GR-001', '9c9a414c24fe7f18da79261b6046823962b0069f3e76d3e735cd56ab06008192', 'KTDA-GR', 'ktdams', 'https://vcgateway.azure-api.net/africastalking/messaging', 'sub', 'unsub', '0', 'ktdams', '20358', 'https://vcgateway.azure-api.net/africastalking/user', 0, '254', 'sqlsrv:Server=10.0.0.118;Database=devhub', 'dev', 'sys');

-- --------------------------------------------------------

--
-- Table structure for table `smsin`
--

CREATE TABLE `smsin` (
  `id` int(11) NOT NULL,
  `msisdn` varchar(20) NOT NULL,
  `message` text NOT NULL,
  `factory_id` int(11) DEFAULT NULL,
  `type` varchar(30) NOT NULL,
  `group` varchar(40) NOT NULL,
  `status` varchar(20) NOT NULL DEFAULT 'Pending',
  `request_id` varchar(40) NOT NULL,
  `created` timestamp NOT NULL DEFAULT CURRENT_TIMESTAMP
) ENGINE=InnoDB DEFAULT CHARSET=latin1;

-- --------------------------------------------------------

--
-- Table structure for table `smsout`
--

CREATE TABLE `smsout` (
  `id` int(10) UNSIGNED NOT NULL,
  `sent_to` varchar(50) NOT NULL,
  `recipient` varchar(100) DEFAULT NULL,
  `message` text NOT NULL,
  `factory_id` int(11) DEFAULT NULL,
  `message_type` varchar(20) NOT NULL DEFAULT 'SINGLE_SMS',
  `sent_by` int(10) NOT NULL,
  `message_id` varchar(100) DEFAULT NULL,
  `status` varchar(20) DEFAULT 'Sent',
  `created` timestamp NOT NULL DEFAULT CURRENT_TIMESTAMP
) ENGINE=InnoDB DEFAULT CHARSET=latin1;

--
-- Dumping data for table `smsout`
--

INSERT INTO `smsout` (`id`, `sent_to`, `recipient`, `message`, `factory_id`, `message_type`, `sent_by`, `message_id`, `status`, `created`) VALUES
(1, '254712086380', 'Individual', 'test message', 1, 'SINGLE_SMS', 44, 'ATXid_17f1c185e0e7df5c6b65b0019c8745d9', 'Sent', '2019-04-19 20:07:36'),
(2, '250789262485', 'Individual', 'This is a test message, please ignore', 1, 'SINGLE_SMS', 44, 'ATXid_48c1d9895fc8a6089c1f83f384604933', 'Sent', '2019-04-19 20:10:34'),
(3, '250789262707', 'Individual', 'This is a test message, kindly ignore', 1, 'SINGLE_SMS', 44, 'ATXid_5d741c2dda3a80f57adfdc948525ada2', 'Sent', '2019-04-19 20:12:43'),
(4, '254712086380', 'Individual', 'Invalid Keyword.', 0, 'AUTO_REPLY_SMS', 0, NULL, 'Sent', '2019-05-07 03:31:20'),
(5, '254712086380', 'Individual', 'Invalid Keyword.', 0, 'AUTO_REPLY_SMS', 0, NULL, 'Sent', '2019-05-07 03:31:33'),
(6, '254712086380', 'Individual', 'Invalid Keyword.', 0, 'AUTO_REPLY_SMS', 0, NULL, 'Sent', '2019-05-07 03:32:04'),
(7, '254712086380', 'Individual', 'Invalid Keyword.', 0, 'AUTO_REPLY_SMS', 0, NULL, 'Sent', '2019-05-07 03:35:08'),
(8, '254712086380', 'Individual', 'testing 123', 1, 'SINGLE_SMS', 44, 'ATXid_668b1ea71bf452f24b889a7553ec8a6d', 'Sent', '2019-05-16 11:21:34'),
(9, '254712086380', 'Individual', 'testing 123', 1, 'SINGLE_SMS', 44, 'ATXid_8b2270119981ded3d3962b840d14500b', 'Sent', '2019-05-16 11:35:20'),
(10, '254712086380', 'Individual', 'test 444', 1, 'SINGLE_SMS', 44, 'ATXid_8ce276aa07a3a9245b580c20f37ca6b2', 'Sent', '2019-05-16 11:41:33'),
(11, '254712086380', 'Individual', '[FarmerCode]/[CenterName] : [MonthToDate] Kgs. Yesterday.', 2, 'SINGLE_SMS', 44, 'ATXid_0bd1821f381575a4b9179bf9db5b1a0a', 'Sent', '2019-06-11 13:00:14'),
(12, '254712086380', 'Individual', 'Farmer : TR0430101, Collection Center : CN001_CHEBARBAR ,  MonthToDate :  1207.00 Kgs. Yesterday.', 2, 'SINGLE_SMS', 999999, 'ATXid_cfadc657145bf5bdea303b8ec096a32f', 'Sent', '2019-06-11 13:12:48'),
(13, '254712086380', 'Individual', 'Farmer : TR0430101, Collection Center : CN001_CHEBARBAR ,  MonthToDate :  1207.00 Kgs. Yesterday.', 2, 'SINGLE_SMS', 999999, 'ATXid_52c81f80b26f1aa9a2cb2623196a1c70', 'Sent', '2019-06-11 13:29:35'),
(14, '254712086380', 'Individual', 'Farmer : TR0430101, Collection Center : CN001_CHEBARBAR ,  MonthToDate :  1207.00 Kgs. Yesterday.', 2, 'SINGLE_SMS', 999999, 'ATXid_b4d2d923d4ac5b9f9d4953074846b40f', 'Sent', '2019-06-11 14:07:49');

-- --------------------------------------------------------

--
-- Table structure for table `sms_alert_types`
--

CREATE TABLE `sms_alert_types` (
  `id` int(11) NOT NULL,
  `name` varchar(255) NOT NULL,
  `frequency` varchar(50) NOT NULL,
  `status` varchar(20) NOT NULL,
  `created` timestamp NOT NULL DEFAULT CURRENT_TIMESTAMP,
  `updated` datetime DEFAULT NULL
) ENGINE=InnoDB DEFAULT CHARSET=latin1;

-- --------------------------------------------------------

--
-- Table structure for table `sms_received`
--

CREATE TABLE `sms_received` (
  `id` int(11) NOT NULL,
  `msisdn` varchar(20) NOT NULL,
  `message` text NOT NULL,
  `factory_id` int(11) DEFAULT NULL,
  `message_type` varchar(30) NOT NULL,
  `group` varchar(50) NOT NULL,
  `status` varchar(20) NOT NULL DEFAULT 'Pending',
  `created` timestamp NOT NULL DEFAULT CURRENT_TIMESTAMP
) ENGINE=InnoDB DEFAULT CHARSET=latin1;

-- --------------------------------------------------------

--
-- Table structure for table `sms_templates`
--

CREATE TABLE `sms_templates` (
  `id` int(10) NOT NULL,
  `title` varchar(140) NOT NULL,
  `template` text NOT NULL,
  `type` int(11) NOT NULL DEFAULT '0',
  `modified` timestamp NOT NULL DEFAULT CURRENT_TIMESTAMP
) ENGINE=InnoDB DEFAULT CHARSET=latin1;

--
-- Dumping data for table `sms_templates`
--

INSERT INTO `sms_templates` (`id`, `title`, `template`, `type`, `modified`) VALUES
(1, 'Farmers', 'Dear [fullname], delivered [weght] yesterday to [collection_center] collection center', 0, '2019-04-20 11:52:23'),
(2, 'Daily template', 'Farmer : [FarmerCode], Collection Center : [CenterName] ,  MonthToDate :  [MonthToDate] Kgs. Yesterday.', 1, '2019-06-11 13:10:08'),
(3, 'Lastthreedays', '[FarmerCode]/[CenterName] : [MonthToDate] Kgs for the last three days', 2, '2019-06-11 09:00:54'),
(4, 'Weekly', '[FarmerCode]/[CenterName] : [MonthToDate] Kgs for the last one week.', 3, '2019-06-11 09:00:26'),
(5, 'Monthly', '[FarmerCode]/[CenterName] : [MonthToDate] Kgs for last one month', 4, '2019-06-11 09:00:06');

-- --------------------------------------------------------

--
-- Table structure for table `supervisors`
--

CREATE TABLE `supervisors` (
  `id` int(11) NOT NULL,
  `name` varchar(60) NOT NULL,
  `mobile` varchar(20) NOT NULL,
  `email` varchar(100) NOT NULL,
  `division` varchar(40) NOT NULL,
  `modified` datetime DEFAULT NULL,
  `created` timestamp NOT NULL DEFAULT CURRENT_TIMESTAMP
) ENGINE=InnoDB DEFAULT CHARSET=latin1;

-- --------------------------------------------------------

--
-- Table structure for table `supervisors_towns`
--

CREATE TABLE `supervisors_towns` (
  `id` int(11) NOT NULL,
  `region_id` int(11) NOT NULL,
  `town_id` int(11) NOT NULL,
  `supervisor_id` int(11) NOT NULL,
  `created` timestamp NOT NULL DEFAULT CURRENT_TIMESTAMP
) ENGINE=InnoDB DEFAULT CHARSET=latin1;

-- --------------------------------------------------------

--
-- Table structure for table `towns`
--

CREATE TABLE `towns` (
  `id` int(11) NOT NULL,
  `name` varchar(50) NOT NULL,
  `code` varchar(20) DEFAULT NULL,
  `region_id` int(11) NOT NULL,
  `modified` datetime DEFAULT NULL,
  `created` timestamp NOT NULL DEFAULT CURRENT_TIMESTAMP
) ENGINE=InnoDB DEFAULT CHARSET=latin1;

--
-- Dumping data for table `towns`
--

INSERT INTO `towns` (`id`, `name`, `code`, `region_id`, `modified`, `created`) VALUES
(1, '', NULL, 1, NULL, '2019-04-18 12:27:38');

-- --------------------------------------------------------

--
-- Table structure for table `users`
--

CREATE TABLE `users` (
  `id` int(10) UNSIGNED NOT NULL,
  `username` varchar(50) NOT NULL,
  `password` text NOT NULL,
  `fname` varchar(30) NOT NULL,
  `surname` varchar(30) NOT NULL,
  `oname` varchar(40) DEFAULT NULL,
  `mobile` varchar(20) DEFAULT NULL,
  `email` varchar(150) NOT NULL,
  `role` varchar(30) NOT NULL,
  `factory_id` int(11) DEFAULT NULL,
  `code` varchar(20) DEFAULT NULL,
  `status` varchar(30) NOT NULL,
  `modified` datetime DEFAULT NULL,
  `created` timestamp NOT NULL DEFAULT CURRENT_TIMESTAMP
) ENGINE=InnoDB DEFAULT CHARSET=latin1;

--
-- Dumping data for table `users`
--

INSERT INTO `users` (`id`, `username`, `password`, `fname`, `surname`, `oname`, `mobile`, `email`, `role`, `factory_id`, `code`, `status`, `modified`, `created`) VALUES
(44, 'enabler', 'PSiMIfWFAim25EpOEGaniwOp5xRaEizoeihPNsXJ4p8Cxc72pNGNwcX7WiS1I2Ve9biFleerQj9w5kxtMOgaUw==', 'Enabler', 'UserE', 'One', '254712086380', '', 'SUPER_USER', 2, NULL, 'Active', NULL, '2019-03-13 07:54:47'),
(56, 'mulindiadmin', 'oOAm5AU4XX8EdZCn+z51qgnhi+kBALXjWa2jA1e8m8nyy3pyf8G1WRfJ1RcT/PlMGyi7aX9IKSnzNu3VllIS7A==', 'admfname', 'admsurname', 'admothername', '250722000000', '', 'ADMIN', 2, NULL, 'Active', NULL, '2019-04-18 12:36:10'),
(57, 'mulindiclerk', '/f18KXxqeL2GvbbBnamDdnCHVijOeBmwTYnSD6ibZpfLDqQyevCXLW4v5PPn7Fi/mzuDo/fwWVFNpzO1x9aJ5g==', 'clerkfname', 'clerksurname', 'clerkothername', '250722000000', '', 'USER', 2, NULL, 'Active', NULL, '2019-04-18 12:37:10'),
(58, 'mulindimanager', 'hI58EEaTb54W05mfoiSiPOmdLCmls71zfeEFs4vy3GHR/0nK8YUsdsdgfJlCodYAO1reGpCTwjmFYCj4roW08A==', 'managerfname', 'managersurname', 'managerothername', '250722000000', '', 'MANAGER', 2, NULL, 'Active', NULL, '2019-04-18 12:38:15'),
(59, 'consumer', 'YtPDaQAzob2fgTLAeibby16AR8tCBFk3sMHYARPmCtHKo2fsjIg7UU4L21evSL8x+4sMuKGIOzUZdTuzx3CE5g==', 'cfname', 'csurname', 'coname', '254712086380', 'consumer@qa.com', 'CONSUMER', 2, NULL, 'Active', NULL, '2019-04-25 08:13:43'),
(60, 'tsuser', 'gNak82KRZ7mAaL872poN6YlCPPCFjBSY6xR9PLHOaAPRd7eK9x8iDzs3bLTmrsw/glFYi2vPTrKPR3wBukPApA==', 'test', 'user', 'touser', '250712086380', 'testuser@vcity.co.ke', 'USER', 2, NULL, 'Active', NULL, '2019-04-25 09:21:06');

--
-- Indexes for dumped tables
--

--
-- Indexes for table `blacklist`
--
ALTER TABLE `blacklist`
  ADD PRIMARY KEY (`id`),
  ADD UNIQUE KEY `msisdn` (`msisdn`);

--
-- Indexes for table `ci_sessions`
--
ALTER TABLE `ci_sessions`
  ADD PRIMARY KEY (`session_id`),
  ADD KEY `last_activity_idx` (`last_activity`);

--
-- Indexes for table `contacts`
--
ALTER TABLE `contacts`
  ADD PRIMARY KEY (`id`),
  ADD KEY `msisdn` (`msisdn`);

--
-- Indexes for table `factories`
--
ALTER TABLE `factories`
  ADD PRIMARY KEY (`id`);

--
-- Indexes for table `groups`
--
ALTER TABLE `groups`
  ADD PRIMARY KEY (`id`),
  ADD KEY `factory_id` (`factory_id`),
  ADD KEY `type` (`type`);

--
-- Indexes for table `group_contacts`
--
ALTER TABLE `group_contacts`
  ADD PRIMARY KEY (`id`);

--
-- Indexes for table `managers`
--
ALTER TABLE `managers`
  ADD PRIMARY KEY (`id`);

--
-- Indexes for table `pending_single_sms`
--
ALTER TABLE `pending_single_sms`
  ADD PRIMARY KEY (`id`);

--
-- Indexes for table `pending_sms`
--
ALTER TABLE `pending_sms`
  ADD PRIMARY KEY (`id`),
  ADD KEY `group_id` (`group_id`),
  ADD KEY `status` (`status`),
  ADD KEY `created_by` (`created_by`),
  ADD KEY `approved_by` (`approved_by`),
  ADD KEY `factory_id` (`factory_id`);

--
-- Indexes for table `products`
--
ALTER TABLE `products`
  ADD PRIMARY KEY (`id`);

--
-- Indexes for table `purchase_report`
--
ALTER TABLE `purchase_report`
  ADD PRIMARY KEY (`id`),
  ADD KEY `factory_id` (`factory_id`);

--
-- Indexes for table `regions`
--
ALTER TABLE `regions`
  ADD PRIMARY KEY (`id`);

--
-- Indexes for table `replies`
--
ALTER TABLE `replies`
  ADD PRIMARY KEY (`id`);

--
-- Indexes for table `settings`
--
ALTER TABLE `settings`
  ADD PRIMARY KEY (`id`),
  ADD KEY `smsapproval` (`smsapproval`),
  ADD KEY `factory_id` (`factory_id`);

--
-- Indexes for table `smsin`
--
ALTER TABLE `smsin`
  ADD PRIMARY KEY (`id`),
  ADD KEY `id` (`id`),
  ADD KEY `id_2` (`id`),
  ADD KEY `factory_id` (`factory_id`);

--
-- Indexes for table `smsout`
--
ALTER TABLE `smsout`
  ADD PRIMARY KEY (`id`),
  ADD UNIQUE KEY `id` (`id`),
  ADD UNIQUE KEY `message_id_2` (`message_id`),
  ADD KEY `id_2` (`id`),
  ADD KEY `message_id` (`message_id`),
  ADD KEY `status` (`status`),
  ADD KEY `factory_id` (`factory_id`);

--
-- Indexes for table `sms_alert_types`
--
ALTER TABLE `sms_alert_types`
  ADD PRIMARY KEY (`id`);

--
-- Indexes for table `sms_received`
--
ALTER TABLE `sms_received`
  ADD PRIMARY KEY (`id`),
  ADD KEY `id` (`id`),
  ADD KEY `id_2` (`id`),
  ADD KEY `factory_id` (`factory_id`);

--
-- Indexes for table `sms_templates`
--
ALTER TABLE `sms_templates`
  ADD PRIMARY KEY (`id`),
  ADD KEY `type` (`type`);

--
-- Indexes for table `supervisors`
--
ALTER TABLE `supervisors`
  ADD PRIMARY KEY (`id`);

--
-- Indexes for table `supervisors_towns`
--
ALTER TABLE `supervisors_towns`
  ADD PRIMARY KEY (`id`);

--
-- Indexes for table `towns`
--
ALTER TABLE `towns`
  ADD PRIMARY KEY (`id`);

--
-- Indexes for table `users`
--
ALTER TABLE `users`
  ADD PRIMARY KEY (`id`),
  ADD KEY `factory_id` (`factory_id`);

--
-- AUTO_INCREMENT for dumped tables
--

--
-- AUTO_INCREMENT for table `blacklist`
--
ALTER TABLE `blacklist`
  MODIFY `id` int(11) NOT NULL AUTO_INCREMENT;

--
-- AUTO_INCREMENT for table `contacts`
--
ALTER TABLE `contacts`
  MODIFY `id` int(10) UNSIGNED NOT NULL AUTO_INCREMENT, AUTO_INCREMENT=185;

--
-- AUTO_INCREMENT for table `factories`
--
ALTER TABLE `factories`
  MODIFY `id` int(11) NOT NULL AUTO_INCREMENT, AUTO_INCREMENT=5;

--
-- AUTO_INCREMENT for table `groups`
--
ALTER TABLE `groups`
  MODIFY `id` int(11) NOT NULL AUTO_INCREMENT, AUTO_INCREMENT=5;

--
-- AUTO_INCREMENT for table `group_contacts`
--
ALTER TABLE `group_contacts`
  MODIFY `id` int(10) UNSIGNED NOT NULL AUTO_INCREMENT, AUTO_INCREMENT=185;

--
-- AUTO_INCREMENT for table `managers`
--
ALTER TABLE `managers`
  MODIFY `id` int(11) NOT NULL AUTO_INCREMENT;

--
-- AUTO_INCREMENT for table `pending_single_sms`
--
ALTER TABLE `pending_single_sms`
  MODIFY `id` int(11) NOT NULL AUTO_INCREMENT;

--
-- AUTO_INCREMENT for table `pending_sms`
--
ALTER TABLE `pending_sms`
  MODIFY `id` int(11) NOT NULL AUTO_INCREMENT, AUTO_INCREMENT=2;

--
-- AUTO_INCREMENT for table `products`
--
ALTER TABLE `products`
  MODIFY `id` int(11) NOT NULL AUTO_INCREMENT;

--
-- AUTO_INCREMENT for table `purchase_report`
--
ALTER TABLE `purchase_report`
  MODIFY `id` int(15) NOT NULL AUTO_INCREMENT;

--
-- AUTO_INCREMENT for table `regions`
--
ALTER TABLE `regions`
  MODIFY `id` int(11) NOT NULL AUTO_INCREMENT, AUTO_INCREMENT=2;

--
-- AUTO_INCREMENT for table `replies`
--
ALTER TABLE `replies`
  MODIFY `id` int(10) UNSIGNED NOT NULL AUTO_INCREMENT;

--
-- AUTO_INCREMENT for table `settings`
--
ALTER TABLE `settings`
  MODIFY `id` int(10) UNSIGNED NOT NULL AUTO_INCREMENT, AUTO_INCREMENT=6;

--
-- AUTO_INCREMENT for table `smsin`
--
ALTER TABLE `smsin`
  MODIFY `id` int(11) NOT NULL AUTO_INCREMENT;

--
-- AUTO_INCREMENT for table `smsout`
--
ALTER TABLE `smsout`
  MODIFY `id` int(10) UNSIGNED NOT NULL AUTO_INCREMENT, AUTO_INCREMENT=15;

--
-- AUTO_INCREMENT for table `sms_alert_types`
--
ALTER TABLE `sms_alert_types`
  MODIFY `id` int(11) NOT NULL AUTO_INCREMENT;

--
-- AUTO_INCREMENT for table `sms_received`
--
ALTER TABLE `sms_received`
  MODIFY `id` int(11) NOT NULL AUTO_INCREMENT;

--
-- AUTO_INCREMENT for table `sms_templates`
--
ALTER TABLE `sms_templates`
  MODIFY `id` int(10) NOT NULL AUTO_INCREMENT, AUTO_INCREMENT=6;

--
-- AUTO_INCREMENT for table `supervisors`
--
ALTER TABLE `supervisors`
  MODIFY `id` int(11) NOT NULL AUTO_INCREMENT;

--
-- AUTO_INCREMENT for table `supervisors_towns`
--
ALTER TABLE `supervisors_towns`
  MODIFY `id` int(11) NOT NULL AUTO_INCREMENT;

--
-- AUTO_INCREMENT for table `towns`
--
ALTER TABLE `towns`
  MODIFY `id` int(11) NOT NULL AUTO_INCREMENT, AUTO_INCREMENT=2;

--
-- AUTO_INCREMENT for table `users`
--
ALTER TABLE `users`
  MODIFY `id` int(10) UNSIGNED NOT NULL AUTO_INCREMENT, AUTO_INCREMENT=61;
COMMIT;

/*!40101 SET CHARACTER_SET_CLIENT=@OLD_CHARACTER_SET_CLIENT */;
/*!40101 SET CHARACTER_SET_RESULTS=@OLD_CHARACTER_SET_RESULTS */;
/*!40101 SET COLLATION_CONNECTION=@OLD_COLLATION_CONNECTION */;
